Pompeii,I.1,Insula I.1
Pompeii,I.2,Insula I.2
Pompeii,I.3,Insula I.3
Pompeii,I.4,Insula I.4
Pompeii,I.5,Insula I.5
Pompeii,I.6,Insula I.6
Pompeii,I.7,Insula I.7
Pompeii,I.8,Insula I.8
Pompeii,I.9,Insula I.9
Pompeii,I.10,Insula I.10
Pompeii,I.11,Insula I.11
Pompeii,I.12,Insula I.12
Pompeii,I.13,Insula I.13
Pompeii,I.14,Insula I.14
Pompeii,I.15,Insula I.15
Pompeii,I.16,Insula I.16
Pompeii,I.17,Insula I.17
Pompeii,I.18,Insula I.18
Pompeii,I.19,Insula I.19
Pompeii,I.20,Insula I.20
Pompeii,I.21,Insula I.21
Pompeii,I.22,Insula I.22
Pompeii,II.1,Insula II.1
Pompeii,II.2,Insula II.2
Pompeii,II.3,Insula II.3
Pompeii,II.4,Insula II.4
Pompeii,II.5,Insula II.5
Pompeii,II.6,Insula II.6
Pompeii,II.7,Insula II.7
Pompeii,II.8,Insula II.8
Pompeii,II.9,Insula II.9
Pompeii,III.1,Insula III.1
Pompeii,III.2,Campus ad Amphitheatrum
Pompeii,III.3,Insula III.3
Pompeii,III.4,Insula III.4
Pompeii,III.5,Insula III.5
Pompeii,III.6,Insula III.6
Pompeii,III.7,Insula III.7
Pompeii,III.8,Insula III.8
Pompeii,III.9,Insula III.9
Pompeii,III.10,Insula III.10
Pompeii,III.11,Insula III.11
Pompeii,IV.1,Insula IV.1
Pompeii,IV.2,Insula IV.2
Pompeii,IV.3,Insula IV.3
Pompeii,IV.4,Insula IV.4
Pompeii,IV.5,Insula IV.5
Pompeii,V.1,Insula V.1
Pompeii,V.2,Insula V.2
Pompeii,V.3,Insula V.3
Pompeii,V.4,Insula V.4
Pompeii,V.5,Insula V.5
Pompeii,V.6,Insula V.6
Pompeii,V.7,Insula V.7
Pompeii,VI.1,Insula VI.1
Pompeii,VI.2,Insula VI.2
Pompeii,VI.3,Insula VI.3
Pompeii,VI.4,Insula VI.4
Pompeii,VI.5,Insula VI.5
Pompeii,VI.6,Insula VI.6
Pompeii,VI.7,Insula VI.7
Pompeii,VI.8,Insula VI.8
Pompeii,VI.9,Insula VI.9
Pompeii,VI.10,Insula VI.10
Pompeii,VI.11,Insula VI.11
Pompeii,VI.12,Insula VI.12
Pompeii,VI.13,Insula VI.13
Pompeii,VI.14,Insula VI.14
Pompeii,VI.15,Insula VI.15
Pompeii,VI.16,Insula VI.16
Pompeii,VI.17,Insula VI.17
Pompeii,VII.1,Insula VII.1
Pompeii,VII.2,Insula VII.2
Pompeii,VII.3,Insula VII.3
Pompeii,VII.4,Insula VII.4
Pompeii,VII.5,Insula VII.5
Pompeii,VII.6,Insula VII.6
Pompeii,VII.7,Insula VII.7
Pompeii,VII.8,Insula VII.8
Pompeii,VII.9,Insula VII.9
Pompeii,VII.10,Insula VII.10
Pompeii,VII.11,Insula VII.11
Pompeii,VII.12,Insula VII.12
Pompeii,VII.13,Insula VII.13
Pompeii,VII.14,Insula VII.14
Pompeii,VII.15,Insula VII.15
Pompeii,VII.16,Insula VII.16
Pompeii,VIII.1,Insula VIII.1
Pompeii,VIII.2,Insula VIII.2
Pompeii,VIII.3,Insula VIII.3
Pompeii,VIII.4,Insula VIII.4
Pompeii,VIII.5,Insula VIII.5
Pompeii,VIII.6,Insula VIII.6
Pompeii,VIII.7,Insula VIII.7
Pompeii,IX.1,Insula IX.1
Pompeii,IX.2,Insula IX.2
Pompeii,IX.3,Insula IX.3
Pompeii,IX.4,Insula IX.4
Pompeii,IX.5,Insula IX.5
Pompeii,IX.6,Insula IX.6
Pompeii,IX.7,Insula IX.7
Pompeii,IX.8,Insula IX.8
Pompeii,IX.9,Insula IX.9
Pompeii,IX.10,Insula IX.10
Pompeii,IX.11,Insula IX.11
Pompeii,IX.12,Insula IX.12
Pompeii,IX.13,Insula IX.13
Pompeii,IX.14,Insula IX.14