"EDR072296","AE 1909, 0069.<BR>CIL 04, 07065.<BR>HD019841"
"EDR071662","AE 1897, 0024.<BR>CIL 04, 04182.<BR>HD022610"
"EDR073314","AE 1936, 0103.<BR>CIL 04, 01917.<BR>HD024393"
"EDR073724","AE 1949, 0009.<BR>CIL 04, 01180 cf. p. 462, 790.<BR>HD027492"
"EDR073766","AE 1950, 0086c.<BR>CIL 04, 01667.<BR>HD021751"
"EDR074234","AE 1960, 0032.<BR>CIL 04, 01698, cf. p. 463.<BR>CLE 0359.<BR>HD018646"
"EDR077698","AE 1980, 0262.<BR>M. Della Corte, NSA 1939, 293, Nr. 336; fig. 16a; 16 (Zeichnung). (B)<BR>- AE 1980.<BR>N.J. Herescu, Glotta 38, 1969, 125-134. (B) - AE 1980.<BR>V. Pisani, PP 28, 1973, 213-215, Nr. 3. - AE 1980.<BR>M. Gigante, CronPom 2, 1976, 229-230. - AE 1980.<BR>CIL 04, 08767. (B)<BR>AE 1986, 0165.<BR>HD004264"
"EDR079495","AE 1984,0205.<BR>J.N. Adams, LMC 7, 1982, 86-87. 150. - AE 1984.<BR>CIL 04, 08898. (B)<BR>J.P. Hallett, Hermes 105, 1977, 252-253. - AE 1984.<BR>H. Solin, Epigraphica 30, 1968, 115-118.<BR>HD001872"
"EDR148672","CIL 04, 02030 con apographo, Tab. XXV 4 (1)"
"EDR148654","CIL 04, 01988 con apographo (1)"
"EDR127829","CIL 04, 08564a (1)<br>Tyche, 27, 2012, p. 104 (P. Kruschwitz, V. Campbell, and M. Nicholls) (2)"
"EDR127413","CIL 04, 08606 (1), <br>A. Varone, Titulorum graphio exaratorum qui in CIL Vol. IV collecti sunt imagines, Roma 2012, vol. I, p. 138 con foto (2)"
"EDR148652","CIL 04, 01994 con apographo (1) "
"EDR081355","AE 1989, 0184.<BR>CIL 04, 06819.<BR>HD014700"
"EDR124968","CIL 04, 08212b (1)"
"EDR124971","CIL 04, 08214 (1)"
"EDR124993","CIL 04, 08218l (1)"
"EDR124994","CIL 04, 08219a (1)<br>R. Benefiel apud Ancient Graffiti in Context, New York 2011, p. 47 no. 26 (2)"
"EDR124995","CIL 04, 08219b (1)"
"EDR124996","CIL 04, 08219c (1)"
"EDR124998","CIL 04, 08220b (1)"
"EDR124999","CIL 04, 08221a (1)"
"EDR125000","CIL 04, 08221b (1)"
"EDR124967","CIL 04, 08212a (1)"
"EDR124969","CIL 04, 08213 (1)<br>R. Benefiel, apud Ancient Graffiti in Context, New York, 2011, p. 45 n. 3, con foto p. 38 (2)"
"EDR124970","CIL 04, 08217 (1)<br>A. Gallo, La Casa dei Quattro Stili, Napoli 1989, Tav. XXXIII n. 55, con foto (2)"
"EDR124972","CIL 04, 08215 (nota) (1)<br>A. Gallo, La Casa dei Quattro Stili, Napoli 1989, Tav. XXXIII n. 56 con foto (2)<br>R. Benefiel, apud Ancient Graffiti in Context, New York 2011, p. 45 n. 6, and p. 33 with overall photo (3)"
"EDR124973","CIL 04, 08215 (nota) (1)<br>A. Gallo, La Casa dei Quattro Stili, Napoli 1989, Tav. XXXIII n. 56 con foto (2)<br>M. Langner, Antike Graffitizeichnungen, Wiesbaden 2001, n. 133 con facsimile (3)<br>R. Benefiel, apud Ancient Graffiti in Context, New York 2011, p. 45 n. 7, and p. 33 with overall photo (4)"
"EDR124974","CIL 04, 08215 (nota) (1)<br>A. Gallo, La Casa dei Quattro Stili, Napoli 1989, Tav. XXXIII n. 56 con foto (2)<br>M. Langner, Antike Graffitizeichnungen, Wiesbaden 2001, n. 66 con facsimile (3)<br>R. Benefiel apud Ancient Graffiti in Context, New York 2011, p. 45 n. 8, and p. 33 with overall photo (4)"
"EDR124975","CIL 04, 08215 (1)<br>R. Benefiel apud Ancient Graffiti in Context, New York 2011, p. 45 n. 9, and p. 33 con facsimile (2)"
"EDR124976","CIL 04, 08215 (nota) (1)<br>A. Gallo, La Casa dei Quattro Stili, Napoli 1989, Tav. XXXIV n. 58 con foto (2)<br>R. Benefiel, apud Ancient Graffiti in Context, New York 2011, p. 46 n. 10, and p. 33 with overall photo (3)"
"EDR124977","CIL 04, 08215 (nota) (1)<br>A. Gallo, La Casa dei Quattro Stili, Napoli 1989, Tav. XXXIV n. 57 con foto (2)<br>M. Langner, Antike Graffitizeichnungen, Wiesbaden 2001, n. 1900 con facsimile (3)<br>R. Benefiel apud Ancient Graffiti in Context, New York 2011, p. 46 n. 11, and p. 33 with photo (4)"
"EDR124978","CIL 04, 08215 (nota) (1)<br>A. Gallo, La Casa dei Quattro Stili, Napoli 1989, Tav. XXXIV n. 57 con foto (2)<br>M. Langner, Antike Graffitizeichnungen, Wiesbaden 2001, n. 1901 con facsimile (3)<br>R. Benefiel apud Ancient Graffiti in Context, New York 2011, p. 46 n. 12, and p. 33 with photo (4)"
"EDR124981","CIL 04, 08218b (1)<br>R. Benefiel apud Ancient Graffiti in Context, New York 2011, p. 46 n. 16 (2)"
"EDR124982","CIL 04, 08218c (1)<br>R. Benefiel apud Ancient Graffiti in Context, New York 2011, p. 46 n. 17 (2)"
"EDR124983","CIL 04, 08218d (1)<br>R. Benefiel apud Ancient Graffiti in Context, New York 2011, p. 47 n. 18 (2)"
"EDR124984","CIL 04, 08218e (1)<br>R. Benefiel apud Ancient Graffiti in Context, New York 2011, p. 47 n. 19 (2)"
"EDR124987","CIL 04, 08218g (1)<br>R. Benefiel apud Ancient Graffiti in Context, New York 2011, p. 47 n. 21 (2)"
"EDR124989","CIL 04, 08218h (1)"
"EDR124991","CIL 04, 08218i (1)"
"EDR124992","CIL 04, 08218k (1)<br>R. Benefiel apud Ancient Graffiti in Context, New York 2011, p. 47 n. 24 (2)"
"EDR125002","CIL 04, 08222 (nota) (1)<br>R. Benefiel apud Ancient Graffiti in Context, New York 2011, p. 48 n. 34 (2)"
"EDR125529","CIL 04, 06893 (1)<br>Cron. Pomp., 2, 1976, pp. 226-228 (M. Gigante) - AE 1980 (2)<br>AE 1980, 0261 (3)<br>HD004183 (B. Ruck) (4)"
"EDR125532","CIL 04, 06895 (1)"
"EDR127147","CIL 04, 08653 (4) <br>A. Varone, Titulorum graphio exaratorum qui in CIL Vol. IV collecti sunt imagines, Roma 2012, vol. I, p. 154 con foto."
"EDR127157","CIL 04, 08594 (1)<br>A. Varone,  Titulorum graphio exaratorum qui in CIL Vol. IV collecti sunt imagines, Roma 2012, vol. I, p. 134 (2)"
"EDR127158","CIL 04, 08597 (1)<br>A. Varone, A. Varone, Titulorum graphio exaratorum qui in CIL Vol. IV collecti sunt imagines, Roma 2012, vol. I, p. 135 (2)"
"EDR127191","CIL 04, 08563 (1)"
"EDR127188","CIL 04, 08578 (1) "
"EDR127080","CIL 04, 08531 (1)"
"EDR127160","CIL 04, 08603 (1)<br>A. Varone, Titulorum graphio exaratorum qui in CIL Vol. IV collecti sunt imagines, Roma 2012, vol. I, p. 137 con foto (2)"
"EDR127424","CIL 04, 08630b (1)<br>A. Varone, Titulorum graphio exaratorum Pompeianorum qui in CIL vol. IV collecti sunt Imagines, Roma 2012, vol. I, p. 148 con foto (2)"
"EDR127140","CIL 04, 08625a (1)<br>A. Varone, Titulorum graphio exaratorum Pompeianorum qui in CIL vol. IV collecti sunt Imagines, Roma 2012, vol. I, p. 145 con foto et facsimile. (2)"
"EDR127234","CIL 04, 08625d (1)<br>A. Varone, Titulorum graphio exaratorum Pompeianorum qui in CIL vol. IV collecti sunt Imagines, Roma 2012, vol. I, p. 145, con foto et facsimile. (2)"
"EDR127299","CIL 04, 08600 (1)<br>A. Varone, Titulorum graphio exaratorum qui in CIL Vol. IV collecti sunt imagines, Roma 2012, vol. I, p. 136 con foto (2)"
"EDR127403","CIL 04, 08551 (1)<br>A. Varone, Titulorum graphio exaratorum qui in CIL Vol. IV collecti sunt imagines, Roma 2012, vol. I, p. 129 con foto. (2)"
"EDR127406","CIL 04, 08554 (1)"
"EDR127428","CIL 04, 08626a (1)<br>A. Varone, Titulorum graphio exaratorum Pompeianorum qui in CIL vol. IV collecti sunt Imagines, Roma 2012, vol. I, p. 146 con foto et facsimile (2)<br><br>"
"EDR127081","CIL 04, 08568 (1)<br>A. Varone, Titulorum graphio exaratorum qui in CIL Vol. IV collecti sunt imagines, Roma 2012, vol. I, p. 131 con facsimile (2)"
"EDR127145","CIL 04, 08627(a) (1) <br>A. Varone, Titulorum graphio exaratorum Pompeianorum qui in CIL vol. IV collecti sunt Imagines, Roma 2012, vol. I, p. 147 con facsimile (2)"
"EDR127396","CIL 04, 08645 (1)  <br>A. Varone, Titulorum graphio exaratorum qui in CIL Vol. IV collecti sunt imagines, Roma 2012, vol. I, p. 153 con facsimile (2)"
"EDR127801","CIL 04, 08632a (1)<br>A. Varone, Titulorum graphio exaratorum Pompeianorum qui in CIL vol. IV collecti sunt Imagines, Roma 2012, vol. I, p. 149, con facsimile et immagine. (2)"
"EDR127835","CIL 04, 08640 (1) <br>A. Varone, Titulorum graphio exaratorum qui in CIL Vol. IV collecti sunt imagines, Roma 2012, vol. I, p. 152 con foto (2)"
"EDR127843","CIL 04, 08583 (1)"
"EDR127154","CIL, 04, 08644 (1) <br>A. Varone, Titulorum graphio exaratorum qui in CIL Vol. IV collecti sunt imagines, Roma 2012, vol. I, p. 152 con foto e facsimile. (2)"
"EDR127414","CIL 04, 08630a (1)<br>A. Varone, Titulorum graphio exaratorum Pompeianorum qui in CIL vol. IV collecti sunt Imagines, Roma 2012, vol. I, p. 148 con immagine (2)"
"EDR127575","CIL 04, 08672b (1)<br>A. Varone, Titulorum graphio exaratorum qui in CIL Vol. IV collecti sunt imagines, Roma 2012, vol. I, p. 157 con facsimile (2)"
"EDR127151","CIL 04, 08629a(1) <br>A. Varone, Titulorum graphio exaratorum Pompeianorum qui in CIL vol. IV collecti sunt Imagines, Roma 2012, vol. I, p. 148 con immagine. (2)"
"EDR127212","CIL 04, 08518 (1)"
"EDR127242","CIL 04, 08627b (1)<br>A. Varone, Titulorum graphio exaratorum Pompeianorum qui in CIL vol. IV collecti sunt Imagines, Roma 2012, vol. I, p. 147 con facsimile. (2)"
"EDR127430","CIL 04, 08669a (1)<br>A. Varone, Titulorum graphio exaratorum qui in CIL Vol. IV collecti sunt imagines, Roma 2012, vol. I, p. 156 con foto (2)"
"EDR127572","CIL 04, 08668 (1)"
"EDR127574","CIL 04, 08672a (1)"
"EDR127576","CIL 04, 08673 (1)"
"EDR128046","CIL 04, 08675b (1)"
"EDR128047","CIL 04, 08676a (1)"
"EDR128114","CIL 04, 08634 (1)<br>A. Varone, Titulorum graphio exaratorum Pompeianorum qui in CIL vol. IV collecti sunt Imagines, Roma 2012, vol. I, p. 150, con facsimile et immagine (2)"
"EDR127149","CIL 04, 08631 (1) "
"EDR127404","CIL 04, 08536 (1)<br>A. Varone, Titulorum graphio exaratorum qui in CIL Vol. IV collecti sunt imagines, Roma 2012, vol. I, p. 121 con foto (2)"
"EDR127415","CIL 04, 08553a (1)<br>A. Varone, Titulorum graphio exaratorum qui in CIL Vol. IV collecti sunt imagines, Roma 2012, vol. I, p. 130 con foto. (2)"
"EDR127418","CIL 04, 08607 (1)<br>A. Varone, Titulorum graphio exaratorum qui in CIL Vol. IV collecti sunt imagines, Roma 2012, vol. I, p. 138 con foto (2)"
"EDR127848","CIL 04, 08584a (1)"
"EDR127850","CIL 04, 08584b (1)"
"EDR128048","CIL 04, 08676b (1)"
"EDR128050","CIL 04, 08670 (1)<br>A. Varone, Titulorum graphio exaratorum qui in CIL Vol. IV collecti sunt imagines, Roma 2012, vol. I, p. 157 con foto (2)"
"EDR128279","CIL 04, 08661 (1) <br>A. Varone, Titulorum graphio exaratorum qui in CIL Vol. IV collecti sunt imagines, Roma 2012, vol. I, p. 155 con foto (2)"
"EDR127213","CIL 04, 08521 (1)<br>A. Varone, Titulorum graphio exaratorum qui in CIL Vol. IV collecti sunt imagines, Roma 2012, vol. I, p. 116 con foto. (2)"
"EDR127425","CIL 04, 08532 (1)"
"EDR127231","CIL 04, 08625b(1)<br>A. Varone, Titulorum graphio exaratorum Pompeianorum qui in CIL vol. IV collecti sunt Imagines, Roma 2012, vol. I, p. 145, con facsimile et immagine.(2)"
"EDR127233","CIL 04, 08625c (1)<br>A. Varone, Titulorum graphio exaratorum Pompeianorum qui in CIL vol. IV collecti sunt Imagines, Roma 2012, vol. I, p. 145 con foto et facsimile (2)"
"EDR127237","CIL 04, 08629 (nota) (1)<br>A. Varone, Titulorum graphio exaratorum Pompeianorum qui in CIL vol. IV collecti sunt Imagines, Roma 2012, vol. I, p. 148 (2)"
"EDR127368","CIL 04, 08635 (1)<br>A. Varone, Titulorum graphio exaratorum Pompeianorum qui in CIL vol. IV collecti sunt Imagines, Roma 2012, vol. I, p. 150, con foto, facsimile, et immagine. (2)"
"EDR127399","CIL 04, 08657 (1) <br>A. Varone, Titulorum graphio exaratorum qui in CIL Vol. IV collecti sunt imagines, Roma 2012, vol. I, p. 154 con foto e facsimile (2)"
"EDR127573","CIL 04, 08669 (1)"
"EDR127578","CIL 04, 08665 (1)<br>A. Varone, Titulorum graphio exaratorum qui in CIL Vol. IV collecti sunt imagines, Roma 2012, vol. I, p. 155 con foto (2)"
"EDR127806","CIL 04, 08632b (1)<br>A. Varone, Titulorum graphio exaratorum Pompeianorum qui in CIL vol. IV collecti sunt Imagines, Roma 2012, vol. I, p. 149, con facsimile et immagine. (2)"
"EDR127808","CIL 04, 08632c (1) <br>A. Varone, Titulorum graphio exaratorum Pompeianorum qui in CIL vol. IV collecti sunt Imagines, Roma 2012, vol. I, p. 149, con immagine. (2)"
"EDR128116","CIL 04, 08626b (1)<br>A. Varone, Titulorum graphio exaratorum Pompeianorum qui in CIL vol. IV collecti sunt Imagines, Roma 2012, vol. I, p. 146, con facsimile (2)."
"EDR127192","CIL 04, 08582 (1)"
"EDR127298","CIL 04, 08598 (1)<br>"
"EDR127577","CIL 04, 08674 (1)"
"EDR127579","CIL 04, 08664 (1)<br>A. Varone, Titulorum graphio exaratorum qui in CIL Vol. IV collecti sunt imagines, Roma 2012, vol. I, p. 155 con foto (2)"
"EDR127969","CIL 04, 08584a (1)"
"EDR128013","CIL 04, 08596a (1)"
"EDR128014","CIL 04, 08599 (1)<br>A. Varone, Titulorum graphio exaratorum Pompeianorum qui in CIL vol. IV collecti sunt Imagines, Roma 2012, vol. I, p. 135 con foto (2)"
"EDR128049","CIL 04, 08671 (1)"
"EDR128052","CIL 04, 08667 (1)"
"EDR128056","CIL 04, 08663 (1)"
"EDR128057","CIL 04, 08593 (1)"
"EDR128058","CIL 04, 08595 (1)<br>A. Varone, Titulorum graphio exaratorum qui in CIL Vol. IV collecti sunt imagines, Roma 2012, vol. I, p. 134 con foto (2)"
"EDR127823","CIL 04, 08622a (1), <br>A. Varone, Titulorum graphio exaratorum qui in CIL Vol. IV collecti sunt imagines, Roma 2012, vol. I, p. 144 con foto (2)"
"EDR127842","CIL 04, 08522 (1)<br>A. Varone, Titulorum graphio exaratorum qui in CIL Vol. IV collecti sunt imagines, Roma 2012, vol. I, p. 116 con foto (2)"
"EDR128053","CIL 04, 08666a (1)<br>A. Varone, Titulorum graphio exaratorum qui in CIL Vol. IV collecti sunt imagines, Roma 2012, vol. I, p. 156 con foto (2)"
"EDR128059","CIL 04, 08592b (1)"
"EDR128062","CIL 04, 08596b (1)<br>A. Varone, Titulorum graphio exaratorum qui in CIL Vol. IV collecti sunt imagines, Roma 2012, vol. I, p. 135 con foto (2)"
"EDR128097","CIL 04, 08637 (1)<br>A. Varone, Titulorum graphio exaratorum Pompeianorum qui in CIL vol. IV collecti sunt Imagines, Roma 2012, vol. I, p. 151, con facsimile et immagine (2)."
"EDR128098","CIL 04, 08638 (1)<br>A. Varone, Titulorum graphio exaratorum Pompeianorum qui in CIL vol. IV collecti sunt Imagines, Roma 2012, vol. I, p.151, con imagine et facsimile (2)."
"EDR127152","CIL 04, 08660 (1) "
"EDR128276","CIL 04, 08655 (1) "
"EDR128545","CIL 04, 08192 (1)<br>A. Varone, Titulorum graphio exaratorum qui in CIL Vol. IV collecti sunt imagines, Roma 2012, vol. I, p. 49 con foto (2) "
"EDR128558","CIL 04, 08207 (1)<br>A. Varone, Titulorum graphio exaratorum qui in CIL Vol. IV collecti sunt imagines, Roma 2012, vol. I, p. 50 con foto (2)"
"EDR127155","CIL 04, 08628 (1)<br>A. Varone, Titulorum graphio exaratorum Pompeianorum qui in CIL vol. IV collecti sunt Imagines, Roma 2012, vol. I, p. 147 con facsimile. (2)"
"EDR127187","CIL 04, 08609 (1),<br>A. Varone, Titulorum graphio exaratorum qui in CIL Vol. IV collecti sunt imagines, Roma 2012, vol. I, p. 140 con foto (2)"
"EDR127366","CIL 04, 08666b (1)<br>A. Varone, Titulorum graphio exaratorum Pompeianorum qui in CIL vol. IV collecti sunt Imagines, Roma 2012, vol. I, p. 156, con foto. (2)"
"EDR127411","CIL 04, 08605 (1), <br>A. Varone, Titulorum graphio exaratorum qui in CIL Vol. IV collecti sunt imagines, Roma 2012, vol. I, p. 137 con foto (2)"
"EDR127811","CIL 04, 08636b (1)"
"EDR127813","CIL 04, 08636c (1)"
"EDR127833","CIL 04, 08639 (1) <br>A. Varone, Titulorum graphio exaratorum qui in CIL Vol. IV collecti sunt imagines, Roma 2012, vol. I, p. 152 con foto (2)"
"EDR127838","CIL 04, 08641 (1) "
"EDR128017","CIL 04, 08571 (1)<br>A. Varone, Titulorum graphio exaratorum qui in CIL Vol. IV collecti sunt imagines, Roma 2012, vol. I, p. 132 con facsimile (2)"
"EDR128055","CIL 04, 08662 (1)<br>A. Varone, Titulorum graphio exaratorum qui in CIL Vol. IV collecti sunt imagines, Roma 2012, vol. I, p. 155 con foto (2)"
"EDR128061","CIL 04, 08602 (1)<br>A. Varone, Titulorum graphio exaratorum qui in CIL Vol. IV collecti sunt imagines, Roma 2012, vol. I, p. 136 con foto (2)"
"EDR128063","CIL 04, 08643 (1) <br>"
"EDR128294","CIL 04, 08599 (nota) (1)<br>M. Langner, Antike Graffitizeichnungen: Motive, Gestaltung Und Bedeutung. Wiesbaden 2001, n. 1680-1682 (aves) (2)"
"EDR128546","CIL 04, 08199 (1)"
"EDR128547","CIL 04, 08201a (1)"
"EDR128548","CIL 04, 08201b (1)"
"EDR128551","CIL 04, 08201c (1)"
"EDR128553","CIL 04, 08190 (1) "
"EDR128557","CIL 04, 08185 (1)<br>M. Langner, Antike Graffitizeichnungen: Motive, Gestaltung Und Bedeutung. Wiesbaden 2001, n. 189 (2)"
"EDR128562","CIL 04, 08189 (1)"
"EDR128564","CIL 04, 08186 (1)"
"EDR127185","CIL 04, 08611 (1)<br>A. Varone, Titulorum graphio exaratorum qui in CIL Vol. IV collecti sunt imagines, Roma 2012, vol. I, p. 140 con foto (2)"
"EDR127194","CIL 04, 08574 (1)<br>M. Langner, Antike Graffitizeichnungen: Motive, Gestaltung Und Bedeutung. Wiesbaden 2001, n. 872 (2)"
"EDR127416","CIL 04, 08579 (1)"
"EDR127807","CIL 04, 08614 (1),<br>A. Varone, Titulorum graphio exaratorum qui in CIL Vol. IV collecti sunt imagines, Roma 2012, vol. I, p. 141 con foto (2)"
"EDR127809","CIL 04, 08615 (1)"
"EDR127810","CIL 04, 08636a (1) "
"EDR127828","CIL 04, 08566a (1)"
"EDR128064","CIL 04, 08646 (1) <br>A. Varone, Titulorum graphio exaratorum qui in CIL Vol. IV collecti sunt imagines, Roma 2012, vol. I, p. 153 con facsimile (2)"
"EDR128277","CIL 04, 08656a (1) "
"EDR128556","CIL 04, 08210 (1)<br>A. Varone, Titulorum graphio exaratorum qui in CIL Vol. IV collecti sunt imagines, Roma 2012, vol. I, p. 50 con facsimile (2)"
"EDR127412","CIL 04, 08578 (1)"
"EDR127417","CIL 04, 08580a (1) "
"EDR127419","CIL 04, 08607a (1), <br>A. Varone, Titulorum graphio exaratorum qui in CIL Vol. IV collecti sunt imagines, Roma 2012, vol. I, p. 139 con foto (2)"
"EDR127790","CIL 04, 08633 (1)<br>A. Varone, Titulorum graphio exaratorum Pompeianorum qui in CIL vol. IV collecti sunt Imagines, Roma 2012, vol. I, p. 149, con facsimile (2)."
"EDR127980","CIL 04, 08587 (1)<br>A. Varone, Titulorum graphio exaratorum qui in CIL Vol. IV collecti sunt imagines, Roma 2012, vol. I, p. 133 con foto e facsimile (2) "
"EDR128118","CIL 04, 08626d (1)<br>A. Varone, Titulorum graphio exaratorum Pompeianorum qui in CIL vol. IV collecti sunt Imagines, Roma 2012, vol. I, p.146, con imagine (2). "
"EDR128542","CIL 04, 08208 (1)"
"EDR128552","CIL 04, 08205b (1)<br>"
"EDR128555","CIL 04, 08200 (1) "
"EDR128561","CIL 04, 08202a (1) "
"EDR128565","CIL 04, 08202b (1) "
"EDR128566","CIL 04, 08202c (1) "
"EDR128616","CIL 04, 08206b (1)"
"EDR127186","CIL 04, 08613 (1)<br>A. Varone, Titulorum graphio exaratorum qui in CIL Vol. IV collecti sunt imagines, Roma 2012, vol. I, p. 141 con foto."
"EDR127218","CIL 04, 08597 (nota) (1)<br>M. Langner, Antike Graffitizeichnungen: Motive, Gestaltung und Bedeutung. Wiesbaden 2001, n. 1697 (2)"
"EDR127409","CIL 04, 08604 (1), <br>A. Varone, Titulorum graphio exaratorum qui in CIL Vol. IV collecti sunt imagines, Roma 2012, vol. I, p. 137 con foto (2)"
"EDR127426","CIL 04, 08610 (1),<br>A. Varone, Titulorum graphio exaratorum qui in CIL Vol. IV collecti sunt imagines, Roma 2012, vol. I, p. 140 con facsimile (2)"
"EDR128582","CIL 04, 08597 (nota) (1)<br>M. Langner, Antike Graffitizeichnungen: Motive, Gestaltung und Bedeutung. Wiesbaden 2001, n. 1435 (equus) (2)"
"EDR128615","CIL 04, 08206a (1)"
"EDR128617","CIL 04, 08209 (1)<br>A. Varone, Titulorum graphio exaratorum qui in CIL Vol. IV collecti sunt imagines, Roma 2012, vol. I, p. 50 con foto (2) "
"EDR128583","CIL 04, 08597 (nota) (1)<br>M. Langner, Antike Graffitizeichnungen: Motive, Gestaltung und Bedeutung. Wiesbaden 2001, n. 457 (caput) (2)"
"EDR127398","CIL 04, 08650 (1) "
"EDR128066","CIL 04, 08648 (1) "
"EDR128067","CIL 04, 08649 (1) "
"EDR128080","CIL 04, 08651 (1) "
"EDR128082","CIL 04, 08652 (1) "
"EDR128084","CIL 04, 08654 (1) <br>A. Varone, Titulorum graphio exaratorum qui in CIL Vol. IV collecti sunt imagines, Roma 2012, vol. I, p. 154 con foto (2)"
"EDR128585","CIL 04, 08597 (nota) (1)<br>M.Langner, Antike Graffitizeichnungen: Motive, Gestaltung und Bedeutung. Wiesbaden 2001, n. 334 (puella) (2)"
"EDR128660","CIL 04, 08564d (1)"
"EDR127814","CIL 04, 08616a (1)"
"EDR127982","CIL 04, 08589b (1)<br>A. Varone, Titulorum graphio exaratorum qui in CIL Vol. IV collecti sunt imagines, Roma 2012, vol. I, p. 134 con foto (2)"
"EDR128065","CIL 04, 08647 (1) <br>A. Varone, Titulorum graphio exaratorum qui in CIL Vol. IV collecti sunt imagines, Roma 2012, vol. I, p. 153 con facsimile (2)"
"EDR128567","CIL 04, 08202d (1) "
"EDR128662","CIL 04, 08567 (1)<br>A. Varone, Titulorum graphio exaratorum qui in CIL Vol. IV collecti sunt imagines, Roma 2012, vol. I, p. 131 con facsimile (2) "
"EDR127830","CIL 04, 08564b (1)<br>Tyche, 27, 2012, p. 104 (P. Kruschwitz, V. Campbell, and M. Nicholls) (2)"
"EDR127845","CIL 04, 08642 (1) "
"EDR128016","CIL 04, 08572 (1)<br>A. Varone, Titulorum graphio exaratorum qui in CIL Vol. IV collecti sunt imagines, Roma 2012, vol. I, p. 133 con facsimile (2)"
"EDR128051","CIL 04, 08675a (1)"
"EDR128060","CIL 04, 08601 (1)<br>A. Varone, Titulorum graphio exaratorum qui in CIL Vol. IV collecti sunt imagines, Roma 2012, vol. I, p. 136 con foto (2)"
"EDR128543","CIL 04, 08188 (1)<br>"
"EDR128544","CIL 04, 08198 (1)"
"EDR128550","CIL 04, 08205a (1)<br>A. Varone, Titulorum graphio exaratorum qui in CIL Vol. IV collecti sunt imagines, Roma 2012, vol. I, p. 49 con foto (2)"
"EDR128663","CIL 04, 08570 (1)<br>A. Varone, Titulorum graphio exaratorum qui in CIL Vol. IV collecti sunt imagines, Roma 2012, vol. I, p. 131 con facsimile del testo per striae 15-16 (2)"
"EDR128117","CIL 04, 08626c (1)<br>A. Varone, Titulorum graphio exaratorum Pompeianorum qui in CIL vol. IV collecti sunt Imagines, Roma 2012, vol. I, p. 146, con imagine (2)"
"EDR127405","CIL 04, 08562 (1)<br>"
"EDR127831","CIL 04, 08564c (1)"
"EDR128290","CIL 04, 08561b (1)"
"EDR128661","CIL 04, 08565a (1)"
"EDR128733","CIL 04, 08565b (1)"
"EDR128734","CIL 04, 08566b (1)"
"EDR128737","CIL 04, 08575a (1)"
"EDR127193","CIL 04, 08576 (1)<br>A. Varone, Titulorum graphio exaratorum qui in CIL Vol. IV collecti sunt imagines, Roma 2012, vol. I, p. 133 con facsimile (2) "
"EDR127297","CIL 04, 08550 (1)<br>A. Varone, Titulorum graphio exaratorum qui in CIL Vol. IV collecti sunt imagines, Roma 2012, vol. I, p. 128 con foto (2)"
"EDR127407","CIL 04, 08534 (1)<br>A. Varone, Titulorum graphio exaratorum qui in CIL Vol. IV collecti sunt imagines, Roma 2012, vol. I, p.119 con foto. (2)"
"EDR127421","CIL 04, 08558 (1)"
"EDR127816","CIL 04, 08618a (1), <br>A. Varone, Titulorum graphio exaratorum qui in CIL Vol. IV collecti sunt imagines, Roma 2012, vol. I, p. 143 con foto (2)"
"EDR127817","CIL 04, 08618b (1),<br>A. Varone, Titulorum graphio exaratorum qui in CIL Vol. IV collecti sunt imagines, Roma 2012, vol. I, p. 143 con foto (2)"
"EDR127820","CIL 04, 08619a (1), <br>A. Varone, Titulorum graphio exaratorum qui in CIL Vol. IV collecti sunt imagines, Roma 2012, vol. I, p. 143 con foto (2)"
"EDR127847","CIL 04, 08573 (1)<br>M. Langner, Antike Graffitizeichnungen: Motive, Gestaltung und Bedeutung. Wiesbaden: 2001, n.873 (gladiator), n.1760 (avis) (2)"
"EDR127971","CIL 04, 08588 (1)"
"EDR127973","CIL 04, 08586a (1)"
"EDR128278","CIL 04, 08656b (1) "
"EDR128286","CIL 04, 08541 (1)"
"EDR128554","CIL 04, 08201 (1)"
"EDR128559","CIL 04, 08203 (1),<br>A. Varone, Titulorum graphio exaratorum qui in CIL Vol. IV collecti sunt imagines, Roma 2012, vol. I, p. 49 con foto (2)"
"EDR128560","CIL 04, 08191 (1)"
"EDR128581","CIL 04, 08187 (1)"
"EDR128641","CIL 04, 08658a (1) "
"EDR128642","CIL 04, 08658b (1) "
"EDR128643","CIL 04, 08658c (1) "
"EDR128644","CIL 04, 08659a (1) "
"EDR128645","CIL 04, 08659b (1) "
"EDR128647","CIL 04, 08202e (1) "
"EDR128648","CIL 04, 08202f (1) "
"EDR128649","CIL 04, 08202g (1) "
"EDR128650","CIL 04, 08202h (1) "
"EDR128738","CIL 04, 08569 (1)<br>A. Varone, Titulorum graphio exaratorum qui in CIL Vol. IV collecti sunt imagines, Roma 2012, vol. I, p. 131 con facsimile (2) <br>M.Langner, Antike Graffitizeichnungen: Motive, Gestaltung und Bedeutung. Wiesbaden 2001, n. 956 (3)"
"EDR128751","CIL 04, 08542 (1)<br>A. Varone, Titulorum graphio exaratorum qui in CIL Vol. IV collecti sunt imagines, Roma 2012, vol. I, p. 123 con foto (2)"
"EDR128754","CIL 04, 08543 (1)<br>A. Varone, Titulorum graphio exaratorum qui in CIL Vol. IV collecti sunt imagines, Roma 2012, vol. I, p. 124 con foto (2)"
"EDR128759","CIL 04, 08533 (1)"
"EDR128760","CIL 04, 08545 (1)<br>A. Varone, Titulorum graphio exaratorum qui in CIL Vol. IV collecti sunt imagines, Roma 2012, vol. I, p. 125 con foto (2)"
"EDR127420","CIL 04, 08580b (1)"
"EDR127422","CIL 04, 08580c (1)"
"EDR127844","CIL 04, 08529 (1)<br>A. Varone, Titulorum graphio exaratorum qui in CIL Vol. IV collecti sunt imagines, Roma 2012, vol. I, p. 118 con foto. (2)"
"EDR127976","CIL 04, 08591 (1)"
"EDR127981","CIL 04, 08589a (1) "
"EDR128284","CIL 04, 08526 (1)<br>A. Varone, Titulorum graphio exaratorum qui in CIL Vol. IV collecti sunt imagines, Roma 2012, vol. I, p.118 con foto. (2)"
"EDR128285","CIL 04, 08527 (1)<br>A. Varone, Titulorum graphio exaratorum qui in CIL Vol. IV collecti sunt imagines, Roma 2012, vol. I, p.118 con foto. (2)<br>M. Langner, Antike Graffitizeichnungen: Motive, Gestaltung und Bedeutung. Wiesbaden 2001, n. 1764 (3)"
"EDR128287","CIL 04, 08539 (1)<br>A. Varone, Titulorum graphio exaratorum qui in CIL Vol. IV collecti sunt imagines, Roma 2012, vol. I, p.122 con foto. (1)"
"EDR128291","CIL 04, 08537 (1)"
"EDR128292","CIL 04, 08535 (1)<br>A. Varone, Titulorum graphio exaratorum qui in CIL Vol. IV collecti sunt imagines, Roma 2012, vol. I, p.120 con foto e fascimile. (2)"
"EDR128293","CIL 04, 08547a (1)<br>A. Varone, Titulorum graphio exaratorum Pompeianorum qui in CIL vol. IV collecti sunt Imagines, Roma 2012, vol. I, p. 127 con foto. (2)"
"EDR128563","CIL 04, 08519 (1)<br>A. Varone, Titulorum graphio exaratorum qui in CIL Vol. IV collecti sunt imagines, Roma 2012, vol. I, p.115 con foto. (2) "
"EDR128746","CIL 04, 08520 (1)<br>A. Varone, Titulorum graphio exaratorum qui in CIL Vol. IV collecti sunt imagines, Roma 2012, vol. I, p.115 con foto. (2)"
"EDR128747","CIL 04, 08523 (1)<br>"
"EDR128749","CIL 04, 08193 (1)"
"EDR128750","CIL 04, 08525 (1)<br>A. Varone, Titulorum graphio exaratorum qui in CIL Vol. IV collecti sunt imagines, Roma 2012, vol. I, p.117 con foto. (2)"
"EDR128756","CIL 04, 08530a (1)<br>A. Varone, Titulorum graphio exaratorum qui in CIL Vol. IV collecti sunt imagines, Roma 2012, vol. I, p.119 con foto. (2)"
"EDR128758","CIL 04, 08530b (1)<br>A. Varone, Titulorum graphio exaratorum qui in CIL Vol. IV collecti sunt imagines, Roma 2012, vol. I, p.119 con foto. (2)"
"EDR128762","CIL 04, 08546b (1)<br>A. Varone, Titulorum graphio exaratorum qui in CIL Vol. IV collecti sunt imagines, Roma 2012, vol. I, p. 126 con foto (2)"
"EDR128769","CIL 04, 08548a (1)<br>A. Varone, Titulorum graphio exaratorum qui in CIL Vol. IV collecti sunt imagines, Roma 2012, vol. I, p. 127 con foto (2)"
"EDR128770","CIL 04, 08548b (1)<br>A. Varone, Titulorum graphio exaratorum qui in CIL Vol. IV collecti sunt imagines, Roma 2012, vol. I, p. 127 con foto. (2)"
"EDR128772","CIL 04, 08549a (1)<br>A. Varone, Titulorum graphio exaratorum qui in CIL Vol. IV collecti sunt imagines, Roma 2012, vol. I, p. 128 con foto (2)"
"EDR128773","CIL 04, 08549b (1)<br>A. Varone, Titulorum graphio exaratorum qui in CIL Vol. IV collecti sunt imagines, Roma 2012, vol. I, p. 128 con foto (2)"
"EDR128774","CIL 04, 08552 (1)<br>A. Varone, Titulorum graphio exaratorum qui in CIL Vol. IV collecti sunt imagines, Roma 2012, vol. I, p. 130 con foto (2)"
"EDR128775","CIL 04, 08553 (1)<br>"
"EDR128776","CIL 04, 08555 (1)"
"EDR128777","CIL 04, 08556 (1)"
"EDR128778","CIL 04, 08559 (1)"
"EDR128779","CIL 04, 08560 (1)"
"EDR127849","CIL 04, 08528 (1)<br>M. Langner, Antike Graffitizeichnungen: Motive, Gestaltung und Bedeutung. Wiesbaden 2001, n. [870] (2)"
"EDR128673","CIL 04, 08191 (nota) (1)<br>M. Langner, Antike Graffitizeichnungen: Motive, Gestaltung und Bedeutung. Wiesbaden 2001, n. 499 (2)"
"EDR127423","CIL 04, 08608 (1)<br>A. Varone, Titulorum graphio exaratorum qui in CIL Vol. IV collecti sunt imagines, Roma 2012, vol. I, p. 139 con facsimile (2)"
"EDR127821","CIL 04, 08620 (1)<br>A. Varone, Titulorum graphio exaratorum qui in CIL Vol. IV collecti sunt imagines, Roma 2012, vol. I, p.143 con facsimile (2)"
"EDR127822","CIL 04, 08621 (1)<br>A. Varone, Titulorum graphio exaratorum qui in CIL Vol. IV collecti sunt imagines, Roma 2012, vol. I, p. 143 con foto (2)"
"EDR127826","CIL 04, 08624a (1)<br>A. Varone, Titulorum graphio exaratorum qui in CIL Vol. IV collecti sunt imagines, Roma 2012, vol. I, p. 145 con facsimile (2)"
"EDR127827","CIL 04, 08624b (1)<br>A. Varone, Titulorum graphio exaratorum qui in CIL Vol. IV collecti sunt imagines, Roma 2012, vol. I, p. 145 con facsimile (2)"
"EDR128748","CIL 04, 08524 (1)<br>A. Varone, Titulorum graphio exaratorum qui in CIL Vol. IV collecti sunt imagines, Roma 2012, vol. I, p.116 con foto. (2)"
"EDR128651","CIL 04, 08204 (1) "
"EDR128739","CIL 04, 08194a (1)"
"EDR128740","CIL 04, 08194b (1)"
"EDR128752","CIL 04, 08195 (1)"
"EDR128753","CIL 04, 08196 (1)"
"EDR128755","CIL 04, 08197 (1)"
"EDR128899","CIL 04, 08191 (nota) (1)<br>M. Langner, Antike Graffitizeichnungen: Motive, Gestaltung und Bedeutung. Wiesbaden 2001, n. [500] (2)"
"EDR140046","CIL 04, 10497 (1)<br>A. Varone, Titulorum graphio exaratorum qui in CIL Vol. IV collecti sunt Imagines, Roma 2012,  vol. II, p. 484 con foto (2)"
"EDR140050","CIL 04, 10620 (1)<br>A. Varone, Titulorum graphio exaratorum qui in CIL Vol. IV collecti sunt Imagines, Roma 2012, vol. II, p. 500 con foto (2)"
"EDR140054","CIL 04, 10622 (1)<br>M. della Corte, RendNap 33, 1958, 275 Nr. 439 (2)  <br>A. Varone, Titulorum graphio exaratorum qui in CIL. Vol. IV collecti sunt Imagines, Roma 2012, vol. II, p. 501 con foto (3)"
"EDR140131","CIL 04, 10457 (1)<br>A. Varone, Titulorum graphio exaratorum qui in CIL Vol. IV collecti sunt Imagines, Roma 2012, vol. II, p. 490 con foto (2)"
"EDR140145","CIL 04, 10598 (1)"
"EDR140150","CIL 04, 10625 (1)<br>A. Varone, Titulorum graphio exaratorum qui in CIL Vol. IV collecti sunt Imagines, Roma 2012, vol. II, p. 501 con foto (2)"
"EDR140239","CIL 04, 10652 (1)<br>A. Varone, Titulorum graphio exaratorum qui in CIL Vol. IV collecti sunt Imagines, Roma 2012, vol. II, p. 503 con foto (2)"
"EDR140250","CIL 04, 10653b (1)<br>A. Varone, Titulorum graphio exaratorum qui in CIL Vol. IV collecti sunt Imagines, Roma 2012, vol. II, p. 135 con foto (2)"
"EDR140130","CIL 04, 10711 (1)"
"EDR140152","CIL 04, 10525 (1)<br>A. Varone, Titulorum graphio exaratorum qui in CIL Vol. IV collecti sunt Imagines, Roma 2012, vol. II, p. 487 con foto (2)"
"EDR140192","CIL 04, 10518 (1)<br>A. Varone, Titulorum graphio exaratorum qui in CIL Vol. IV collecti sunt Imagines, Roma 2012, vol. II p. 486 con foto (2)"
"EDR140220","CIL 04, 10533 (1)<br>A. Varone, Titulorum graphio exaratorum qui in CIL Vol. IV collecti sunt Imagines, Roma 2012, vol. II, p. 487 con foto (2)"
"EDR140147","CIL 04, 10520 (1)<br>A. Varone, Titulorum graphio exaratorum qui in CIL Vol. IV collecti sunt Imagines, Roma 2012, vol. II, p. 486 con foto (2)"
"EDR140168","CIL 04, 10514 (1)"
"EDR140172","CIL 04, 10515 (1)"
"EDR140174","CIL 04, 10527 (1) "
"EDR140187","CIL 04, 10516 (1)"
"EDR140224","CIL 04, 10534 (1)<br>A. Varone, Titulorum graphio exaratorum qui in CIL Vol. IV collecti sunt Imagines, Roma 2012, Vol. II, p. 488 con foto (2) "
"EDR140669","CIL 04, 10548 (1)<br>A. Varone, Titulorum graphio exaratorum qui in CIL Vol. IV collecti sunt Imagines, Roma 2012, Vol. II, p. 490 con foto (2)"
"EDR140037","CIL 04, 10617 (1) <br>A. Varone, Titulorum graphio exaratorum qui in CIL Vol. IV collecti sunt Imagines, Roma 2012, vol. II, p. 500 con foto (2)"
"EDR140055","CIL 04, 10495a (1)<br>A. Varone, Titulorum graphio exaratorum qui in CIL Vol. IV collecti sunt Imagines, Roma 2012,  vol. II, p. 483 con foto (2) "
"EDR140125","CIL 04, 10563b (1)<br>A. Varone, Titulorum graphio exaratorum qui in CIL Vol. IV collecti sunt Imagines, Roma 2012, vol. II, p. 491 con foto (2)"
"EDR140129","CIL 04, 10563c (1)"
"EDR140132","CIL 04, 10564 (1)<br>A. Varone, Titulorum graphio exarartorum qui in CIL Vol. IV collecti sunt Imagines, Roma 2012, vol. II, p. 492 con foto (2)"
"EDR140135","CIL 04, 10562 (1)<br>A. Varone, Titulorum graphio exaratorum qui in CIL IV Vol. IV collecti sunt Imagines, Roma 2012, vol. II, p. 491 con foto (2)"
"EDR140136","CIL 04, 10495c (1)<br>A. Varone, Titulorum graphio exaratorum qui in CIL Vol. IV collecti sunt Imagines, Roma 2012,  vol. II, p. 483 con foto (2)"
"EDR140140","CIL 04, 10509 (1)<br>A. Varone, Titulorum graphio exaratorum qui in CIL Vol. IV collecti sunt Imagines, Roma 2012, vol. II, p. 485 con foto (2)"
"EDR140143","CIL 04, 10508a (1)<br>A. Varone, Titulorum graphio exaratorum qui in CIL Vol. IV collecti sunt Imagines, Roma 2012, vol. II, p. 485 con foto (2)"
"EDR140148","CIL 04, 10507 (1)"
"EDR140165","CIL 04, 10513 (1)"
"EDR140171","CIL 04, 10519 (1)"
"EDR140177","CIL 04, 10523c (1)"
"EDR140190","CIL 04, 10528 (1) <br>S. Evangelisti, Epigrafia Anfiteatrale dell'Occidente Romano. Vol. VIII: Regio Italie I, 1: Campania praeter Pompeios, 2011, Roma, p. 66, cat. 34 (2)"
"EDR140197","CIL 04, 10576 (1)<br>A. Varone, Titulorum graphio exaratorum qui in CIL Vol. IV collecti sunt Imagines, Roma 2012, vol. II, p. 494 con foto (2)"
"EDR140198","CIL 04, 10511 (1)<br>A. Varone, Titulorum graphio exaratorum qui in CIL Vol. IV collecti sunt Imagines, Roma 2012, col. II, p. 486 con foto (2)"
"EDR140209","CIL 04, 10709 (1)<br>A. Varone, Titulorum graphio exaratorum qui in CIL Vol. IV collecti sunt Imagines, Roma 2012, vol. II, p. 494 con foto (2)"
"EDR140213","CIL 04, 10538 (1)<br>A. Varone, Titulorum graphio exaratorum qui in CIL Vol. IV collecti sunt Imagines, Roma 2012, vol. II, p. 488 con foto (2)"
"EDR140217","CIL 04, 10539 (1)<br>A. Varone, Titulorum graphio exaratorum qui in CIL Vol. IV collecti sunt Imagines, Roma 2012, vol. II, p. 488 con foto di una parte dell' iscrizione (2)"
"EDR140237","CIL 04, 10537 (1)<br>A. Varone, Titulorum graphio exaratorum qui in CIL Vol. IV collecti sunt Imagines, Roma 2012, Vol. II, p. 488 con foto (2)"
"EDR140255","CIL 04, 10506 (1)"
"EDR142568","CIL 04, 08015 (1)<br>A. Varone, Titulorum graphio exaratorum qui in C.I.L. vol. IV collecti sunt: Imagines, vol. I, 2012, p. 20 (2)"
"EDR142572","CIL 04, 08019 (1)<br>A. Varone, Titulorum graphio exaratorum qui in C.I.L. vol. IV collecti sunt: Imagines, vol. I, 2012, p. 21 (2) "
"EDR143634","CIL 04, 10711 (nota) (1)<br>M. Langner, Antike Graffitizeichnungen: Motive, Gestaltung und Bedeutung. Weisbaden 2001, n. 970 (gladiator helmet) (2)"
"EDR143636","CIL 04, 10676 (1)<br>M. Langner, Antike Graffitizeichnungen: Motive, Gestaltung und Bedeutung. Wiesbaden 2001, n. 309 (Phalluskopf) (2)<br>A. Varone, Titulorum graphio exaratorum qui in CIL Vol. IV collecti sunt imagines, Roma 2012, vol. II, p. 509 con foto (3)"
"EDR143648","CIL 04, 04966 (1), cfr. p. 705 (2) <br>CIL 01 (2 ed.), 2540a (3)<br>Not. Sc., 1883, p. 52 (A. Sogliano) (4)<br>Rhein. Mus. 38, 1883, p. 474 (F. Buecheler) (5)<br>Neue Jahrb. Philol. Paed., 127, 1883, p. 798 (E. Baehrens) (6)<br>CLE 0934 (7)<br>M. Della Corte, Pompei, i nuovi scavi e l'anfiteatro, Pompei 1930, pp. 78 sg. (8)<br>Riv. Ind. Gr. It., 16, 1932, 106 (Fr. Ribezzo) (9)<br>W. Krenkel, Pompeianische Inschriften, Heidelberg 1962, p. 43 (10)<br>Epigraphica, 30, 1968, p. 120 (H. Solin) - AE 1968 (11)<br>AE 1968, 0116 (12)<br>Yale Class. St., 21, 1969 (D. O. Ross) 131 (13)<br>Quad. Foggia, 2-3, 1982-1983, p. 3 sg. (V. Tandoi) = V. Tandoi, Scritti di filologia e di storia della cultura classica, Pisa 1992, vol. I, p. 156 sg. (14)<br>A. M. Morelli, L'epigramma latina prima di Catullo, Cassino 2000, p. 238 con foto a colori p. 104 sg. (15)<br>A. Varone, Erotica pompeiana: love inscriptions on the walls of Pompeii, Roma 2001, p. 105 sg. (16)<br>E. Courtney, The Fragmentary Latin Poets (2 ed.), Oxford 2003, p. 79 sg., 506 (17)<br>A. Varone, Titulorum graphio exaratorum qui in CIL Vol. IV collecti sunt imagines, Roma 2012, vol. II, p. 399 con foto (18)"
"EDR143814","CIL 04, 10711 (nota) (1)<br>M. Langner, Antike Graffitizeichnungen: Motive, Gestaltung und Bedeutung. Wiesbaden 2001, n. 963 (gladiator equipment) (2)"
"EDR143815","CIL 04, 10711 (nota) (1)<br>M. Langner, Antike Graffitizeichnungen: Motive, Gestaltung und Bedeutung. Wiesbaden 2001, n. 964 (gladiator equipment) (2)"
"EDR143832","CIL 04, 10711 (nota) (1)<br>M. Langner, Antike Graffitizeichnungen: Motive, Gestaltung, und Bedeutung. Wiesbaden 2001, n. 965 (gladiator equipment) (2)"
"EDR143833","CIL 04, 10711 (nota) (1)<br>M. Langner, Antike Graffitizeichnungen: Motive, Gestaltung und Bedeutung. Wiesbaden 2001, n. 967 (gladiator equipment) (2)"
"EDR144354","CIL 04, 10532 (1)<br>M. Langner, Antike Graffitizeichnungen: Motive, Gestaltung und Bedeutung. Wiesbaden 2001, n. 11 und 12 (2)<br>A. Varone, Titulorum graphio exaratorum qui in CIL Vol. IV collecti sunt imagines, Roma 2012, vol. 2, p. 487 con foto (3)"
"EDR143900","CIL 04, 10561 (nota) (1)<br>Tran Tam Tinh, La Casa dei Cervi a Herculanem (1988) 83-84, Abb. 238 (2)<br>M. Langner, Antike Graffitizeichnungen: Motive, Gestaltung und Bedeutung. Wiesbaden 2001, n. 909 (gladiator) (3)"
"EDR144659","CIL 04, 10711 (nota) (1)  <br>M. Langner, Antike Graffitizeichnungen: Motive, Gestaltung und Bedeutung. Wiesbaden 2001, n. 971 (gladiator equipment) (2)"
"EDR144347","CIL 04, 10561 (nota) (1)<br>Tran Tam Tinh, La Casa dei Cervi a Herculaneum (1988) 83, Abb. 243 (2)<br>M.Langner, Antike Graffitizeichnungen: Motive, Gestaltung und Bedeutung. Wiesbaden 2001, n. 2318 (Basis) (3)"
"EDR144348","CIL 04, 10561 (nota) (1)<br>Tran Tam Tinh, La Casa dei Cervi a Herculaneum (1988) 83, Abb. 240 (2)<br>M.Langner, Antike Graffitizeichnungen: Motive, Gestaltung und Bedeutung. Wiesbaden 2001, n. 2319 (Basis) (3)"
"EDR144349","CIL 04, 10561 (nota) (1)<br>Tran Tam Tinh, La Casa dei Cervi a Herculaneum (1988) 83, Abb. 241 (2)<br>M.Langner, Antike Graffitizeichnungen: Motive, Gestaltung und Bedeutung. Wiesbaden 2001, n. 2320 (Basis) (3)"
"EDR144353","CIL 04, 10561 (nota) (1)<br>Tran Tam Tinh, La Casa dei Cervi a Herculaneum (1988) 83, Abb. 239 (2)<br>M.Langner, Antike Graffitizeichnungen: Motive, Gestaltung und Bedeutung. Wiesbaden 2001, n. 2323 (Basis) (3)"
"EDR144356","M. Langner, Antike Graffitizeichnungen: Motive, Gestaltung und Bedeutung. Wiesbaden 2001, n. 40 (1)"
"EDR144783","CIL 04, 10711 (nota) (1)<br>M. Langner, Antike Graffitizeichnungen: Motive, Gestaltung und Bedeutung. Wiesbaden 2001, n. 968 (gladiator equipment) (2)"
"EDR145030","M. Langner, Antike Graffitizeichnungen: Motive, Gestaltung und Bedeutung. Wiesbaden 2011, n. 1372 (human female figure) (1)"
"EDR145032","M. Langner, Antike Graffitizeichnungen: Motive, Gestaltung und Bedeutung. Wiesbaden 2001, n. 1688 (Hahn) (1)"
"EDR145036","M. Langner, Antike Graffitizeichnungen: Motive, Gestaltung und Bedeutung. Wiesbaden 2001, n. 2169 (boat) (1)"
"EDR144514","M. Langner, Antike Graffitizeichnungen: Motive, Gestaltung und Bedeutung. Wiesbaden 2001, n. 1443 (Esel/camel) (1)"
"EDR144784","CIL 04, 10711 (nota) (1) <br>M. Langner, Antike Graffitizeichnungen: Motive, Gestaltung und Bedeutung. Wiesbaden 2001, n. 969 (gladiator equipment) (2)"
"EDR145004","CIL 04, 10561 (nota) (1)<br>Tran Tam Tinh, La Casa dei Cervi a Herculaneum (1988) 83, Abb. 229 (2)<br>M.Langner, Antike Graffitizeichnungen: Motive, Gestaltung und Bedeutung. Wiesbaden 2001, n. 1108 (cervus)(3)"
"EDR145005","CIL 04, 10561 (nota) (1)<br>Tran Tam Tinh, La Casa dei Cervi a Herculaneum (1988) 83, Abb. 234 (2)<br>M. Langner, Antike Graffitizeichnungen: Motive, Gestaltung und Bedeutung. Wiesbaden 2001, n. 1109 (cervus) (3)"
"EDR145006","CIL 04, 10561 (nota) (1)<br>Tran Tam Tinh, La Casa dei Cervi a Herculaneum (1988) 83, Abb. 236 (2)<br>M.Langner, Antike Graffitizeichnungen: Motive, Gestaltung und Bedeutung. Wiesbaden 2001, n. 1110 (cervus) (3)"
"EDR145009","CIL 04, 10561 (nota) (1)<br>Tran Tam Tinh, La Casa dei Cervi a Herculaneum (1988) 83, Abb. 227 (2)<br>M.Langner, Antike Graffitizeichnungen: Motive, Gestaltung und Bedeutung. Wiesbaden 2001, n. 1310 (Reiter auf einem Hirsch) (3)"
"EDR144352","CIL 04, 10561 (nota) (1)<br>Tran Tam Tinh, La Casa dei Cervi a Herculaneum (1988) 83, Abb. 231 (2)<br>M. Langner, Antike Graffitizeichnungen: Motive, Gestaltung und Bedeutung. Wiesbaden 2001, n. 2322 (Basis) (3)"
"EDR144350","CIL 04, 10561 (nota) (1)<br>Tran Tam Tinh, La Casa dei Cervi a Herculaneum (1988) 83, Abb. 242 (2)<br>M. Langner, Antike Graffitizeichnungen: Motive, Gestaltung und Bedeutung. Wiesbaden 2001, n. 2321 (Basis) (3)"
"EDR145007","CIL 04, 15061 (nota) (1)<br>Tran Tam Tinh, La Casa dei Cervi a Herculaneum (1988) 83 Abb. 231 (2)<br>M. Langner, Antike Graffitizeichnungen: Motive, Gestaltung und Bedeutung. Wiesbaden 2001, n. 1124 (cervus), n. 2322 (basis) (3)"
"EDR145008","CIL 04, 10561 (nota) (1)<br>Tran Tam Tinh, La Casa dei Cervi a Herculaneum (1988) 83, Abb. 232 (2)<br>M.Langner, Antike Graffitizeichnungen: Motive, Gestaltung und Bedeutung. Wiesbaden 2001, n. 1125 (3)"
"EDR145037","M. Langner, Antike Graffitizeichnungen: Motive, Gestaltung und Bedeutung. Wiesbaden 2001, n. 2220 (1)"
"EDR145764","CIL 04, 10561 (nota) (1)<br>Tran Tam Tinh, La Casa dei Cervi a Herculaneum (1988) 83, Abb. 230 (2)<br>M. Langner, Antike Graffitizeichnungen: Motive, Gestaltung und Bedeutung. Wiesbaden 2001, n. 1509 (cervus) (3)"
"EDR145765","CIL 04, 10561 (nota) (1)<br>Tran Tam Tinh, La Casa dei Cervi a Herculaneum (1988) 83, Abb. 237 (2)<br>M. Langner, Antike Graffitizeichnungen: Motive, Gestaltung und Bedeutung. Wiesbaden 2001, n. 1510 (cervus) (3)"
"EDR145766","CIL 04, 10561 (nota) (1)<br>Tran Tam Tinh, La Casa dei Cervi a Herculaneum (1988) 83, Abb. 226 (2)<br>M. Langner, Antike Graffitizeichnungen: Motive, Gestaltung und Bedeutung. Wiesbaden 2001, n. 1511 (cervus) (3)"
"EDR145771","CIL 04, 10561 (nota) (1)<br>Tran Tam Tinh, La Casa dei Cervi a Herculaneum (1988) 83, Abb. 235 (2)<br>M. Langner, Antike Graffitizeichnungen: Motive, Gestaltung und Bedeutung. Wiesbaden 2001, n. 734 (laufende Figur) (3)"
"EDR146086","CIL 04, 02186 (1)<br>A. Varone, Titulorum graphio exaratorum qui in C.I.L. vol. IV collecti sunt imagines, Roma 2012, vol. II, p. 335 con foto (1)"
"EDR146088","CIL 04, 02188 (1)<br>A. Varone, Titulorum graphio exaratorum qui in C.I.L. vol. IV collecti sunt imagines, Roma 2012, vol. II, p. 335 con foto (2)"
"EDR146089","CIL 04, 02189 (1)<br>A. Varone, Titulorum graphio exaratorum qui in C.I.L. vol. IV collecti sunt imagines, Roma 2012, vol. II, p. 337 con foto (2)"
"EDR146121","CIL 04, 02190 (1)<br>A. Varone, Titulorum graphio exaratorum qui in C.I.L. vol. IV collecti sunt imagines, Roma 2012, vol. II, pp. 336-337 con foto (2)"
"EDR146122","CIL 04, 02191 (1)<br>A. Varone, Titulorum graphio exaratorum qui in C.I.L. vol. IV collecti sunt imagines, Roma 2012, vol. II, p. 338 con foto (2)"
"EDR146123","CIL 04, 02192 (1), cfr. p. 215 (2)<br>A. Varone, Titulorum graphio exaratorum qui in C.I.L. vol. IV collecti sunt imagines, Roma 2012, vol. II, pp. 336-337 con foto (3)"
"EDR146125","CIL 04, 02194 (1)<br>A. Varone, Titulorum graphio exaratorum qui in C.I.L. vol. IV collecti sunt imagines, Roma 2012, vol. II, p. 337 con foto (2)"
"EDR146187","CIL 04, 02195 (1)<br>A. Varone, Titulorum graphio exaratorum qui in C.I.L. vol. IV collecti sunt imagines, Roma 2012, vol. II, p. 336 (2) "
"EDR146188","CIL 04, 02196 (1)<br>A. Varone, Titulorum graphio exaratorum qui in C.I.L. vol. IV collecti sunt imagines, Roma 2012, vol. II, p. 337 con foto (2)"
"EDR146190","CIL 04, 02198 (1), cfr. p. 215 (2)<br>A. Varone, Titulorum graphio exaratorum qui in C.I.L. vol. IV collecti sunt imagines, Roma 2012, vol. II, p. 515 (3)"
"EDR145296","CIL 04, 10586 (nota) (1)  <br>M. Della Corte, RendNap 33 (1958) 268, Nr. 353 (2)<br>M. Langner, Antike Graffitizeichnungen: Motive, Gestaltung und Bedeutung. Wiesbaden 2001, n. 486 (gladiator) (3) "
"EDR148520","CIL 04, 02218a (1)<br>A. Varone, Titulorum graphio exaratorum qui in C.I.L. vol. IV collecti sunt imagines, Roma 2012, vol. II, p. 334 con foto (2)"
"EDR145384","C. Bonucci, Ercolano (Napoli), 1835 (1)<br>M. Ruggiero, Storia degli Scavi di Ercolano (1885) 551 (2)<br>M. Langner, Antike Graffitizeichnungen: Motive, Gestaltung und Bedeutung. Wiesbaden 2001, n. 903 (gladiator) (3) "
"EDR145767","CIL 04, 10561 (nota) (1)<br>Tran Tam Tinh, La Casa dei Cervi a Herculaneum (1988) 83, Abb. 228 (2)<br>M. Langner, Antike Graffitizeichnungen: Motive, Gestaltung und Bedeutung. Wiesbaden 2001, n. 1595 (animal) (3)"
"EDR145768","CIL 04, 10561 (nota) (1)<br>Tran Tam Tinh, La Casa dei Cervi a Herculaneum (1988) 83, Abb. 233 (2)<br>M. Langner, Antike Graffitizeichnungen: Motive, Gestaltung und Bedeutung. Wiesbaden 2001, n. 1596 (animal) (3)"
"EDR145941","CIL 04, 10493 (nota) (1)<br>M. Langner, Antike Graffitizeichnungen: Motive, Gestaltung und Bedeutung. Wiesbaden 2001, n. 187 (kopf) (2)"
"EDR145943","M. Langner, Antike Graffitizeichnungen: Motive, Gestaltung und Bedeutung. Wiesbaden 2001, n. 1289 (scaena erotica) (1)"
"EDR144786","CIL 04, 04971 (1), cfr. p. 705 (2)<br>CIL 01 (2 ed.) 2540c (3)<br>Not. Sc., 1883, p. 53 (A. Sogliano) (4)<br>CLE 935.14-16 (5)<br>Att. Ac. Arch. Napoli 25, II, 1908, 217 sg. (F. C. Wick) (6)<br>M. Della Corte, Pompei, i nuovi scavi e l'anfiteatro, Pompei 1930, p. 78 sg. (7)<br>Yale Class. St., 21, 1969, 131 sg. (D. O. Ross) (8)<br>M. Gigante, Civilità delle forme letterarie nell'antica Pompei, Napoli 1979, p. 86 sg. (9)<br>Quad. Foggia, 2-3, 1982-1983, p. 5 sg. (V. Tandoi) = V. Tandoi, Scritti di filologia e di storia della cultura classica, Pisa 1992, vol. I, p. 158 sg. (10) <br>A. M. Morelli, L'epigramma latina prima di Catullo, Cassino 2000, p. 238 con foto a colori p. 104 sg. (11)<br>A. Varone, Erotica pompeiana: love inscriptions on the walls of Pompeii, Roma 2001, p. 107 sg. (12)<br>A. Varone, Titulorum graphio exaratorum qui in CIL Vol. IV collecti sunt imagines, Roma 2012, vol. II, p. 402 con foto (13)"
"EDR145431","CIL 04, 02176 (1)<br>A. Varone, Titulorum graphio exaratorum qui in C.I.L. vol. IV collecti sunt imagines, Roma 2012, vol. 2, p. 335 con foto (2)"
"EDR145436","CIL 04, 02179 (1)<br>A. Varone, Titulorum graphio exaratorum qui in C.I.L. vol. IV collecti sunt imagines, Roma 2012, vol. 2, p. 336 (2)"
"EDR145437","CIL 04, 02180 (1)<br>A. Varone, Titulorum graphio exaratorum qui in C.I.L. vol. IV collecti sunt imagines, Roma 2012, vol. 2, p. 336 con foto (2)"
"EDR145935","CIL 04, 10600 (nota) (1)<br>M. Langner, Antike Graffitizeichnungen: Motive, Gestaltung und Bedeutung. Wiesbaden 2001, n. 1521 (cervus) (2)"
"EDR145942","CIL 04, 10526 (nota) (1)<br>M. Langner, Antike Graffitizeichnungen: Motive, Gestaltung und Bedeutung. Wiesbaden 2001, n. 213 (büste) (2)"
"EDR145999","CIL 04, 02182 (1)<br>A. Varone, Titulorum graphio exaratorum qui in C.I.L. vol. IV collecti sunt imagines, Roma 2012, vol. II, p. 338 con foto (2)"
"EDR146001","CIL 04, 02184 (1), cfr. p. 215 (2)<br>"
"EDR146085","CIL 04, 02185 (1)<br>A. Varone, Titulorum graphio exaratorum qui in C.I.L. vol. IV collecti sunt imagines, Roma 2012, vol. II, p. 335 con foto (2)"
"EDR147517","M.Langner, Antike Graffitizeichnungen: Motive, Gestaltung und Bedeutung. Wiesbaden 2001, n. 42 (1)"
"EDR147519","CIL 04, 08659 (1)<br>M.Langner, Antike Graffitizeichnungen: Motive, Gestaltung und Bedeutung. Wiesbaden 2001, n. 43 (2)"
"EDR147725","CIL 04, 09039 (1)<br>M. Langner, Antike Graffitizeichnungen, Wiesbaden 2001, n. 2 (2)<br>A. Varone, Titulorum graphio exaratorum qui in CIL Vol. IV collecti sunt Imagines, Roma 2012, Vol. II, p. 311 con apographo (3)"
"EDR147863","M.Langner, Antike Graffitizeichnungen: Motive, Gestaltung und Bedeutung. Wiesbaden 2001, n. 47 (spirale) (1)"
"EDR147934","CIL 04, 10113 (nota) (1)<br>M.Langner, Antike Graffitizeichnungen: Motive, Gestaltung und Bedeutung. Wiesbaden 2001, n. 118 (kreisrosetten) (2)"
"EDR147935","CIL 04, 10113 (nota)(1)<br>M.Langner, Antike Graffitizeichnungen: Motive, Gestaltung und Bedeutung. Wiesbaden 2001, n. 119 (kreisrosette) (2)"
"EDR147936","CIL 04, 10113 (nota) (1)<br>M.Langner, Antike Graffitizeichnungen: Motive, Gestaltung und Bedeutung. Wiesbaden 2001, n. 120 (kreisrosetten) (2)"
"EDR147976","G. Carratelli, Pompei: pitture e mosaici, Roma 1993, Vol. IV, p. 871 (con foto) (1)<br>M.Langner, Antike Graffitizeichnungen: Motive, Gestaltung und Bedeutung. Wiesbaden 2001, n. 137 (kreisornament) (1)"
"EDR148022","CIL 04, 04668 (1)<br>M. Langner, Antike Graffitizeichnungen, Wiesbaden 2001, n. 21 e n. 22 (2)"
"EDR148378","CIL 04, 02331 (1)<br>J. Lindsay, The Writing on the Wall. London 1960, p. 88  (2)<br>Antiquitas, 11, 1984, p. 141-147 (L. Press) (3)<br>F. Maulucci, Pompei: i graffiti figurati, Foggia 1993, p. 190 (4)<br>G. Carratelli, Pompei: pitture e mosaici, Roma 1999, Vol. IX, p. 291 (5)<br>M.Langner, Antike Graffitizeichnungen: Motive, Gestaltung und Bedeutung. Wiesbaden 2001, n. 150 (Labyrinth) (6)<br>Oebalus, 3, 2008, p. 203-224 (G. Sarullo) (7)<br>A. Varone, Titulorum graphio exaratorum qui in C.I.L. vol. IV collecti sunt: Imagines, Roma 2012, Vol. II, p. 426 (con apographo) (8)"
"EDR148379","CIL 04, 08437 (1)<br>M.Langner, Antike Graffitizeichnungen: Motive, Gestaltung und Bedeutung. Wiesbaden 2001, n. 151 (labyrinth) (2)"
"EDR148380","M.Langner, Antike Graffitizeichnungen: Motive, Gestaltung und Bedeutung. Wiesbaden 2001, n. 152 (labyrinth) (1)"
"EDR148381","M. Langner, Antike Graffitizeichnungen: Motive, Gestaltung und Bedeutung. Wiesbaden 2001, n. 153 (Labyrinth) (1)"
"EDR148419","CIL 04, 08383 (nota) (1)<br>M.Langner, Antike Graffitizeichnungen: Motive, Gestaltung und Bedeutung. Wiesbaden 2001, n. 166 (Quadrat) (2)<br>A. Varone, Titulorum graphio exaratorum qui in C.I.L. vol. IV collecti sunt: Imagines, Roma 2012, Vol. I, p. 78 (con apographo e foto) (3)"
"EDR148435","CIL 04, 02215 (1)<br>"
"EDR148436","CIL 04, 02217 (1)<br>A. Varone, Titulorum graphio exaratorum qui in C.I.L. vol. IV collecti sunt imagines, Roma 2012, vol. II, p. 333 con foto (2)"
"EDR148511","CIL 04, 02213 (1)<br>A. Varone, Titulorum graphio exaratorum qui in C.I.L. vol. IV collecti sunt imagines, Roma 2012, vol. II, p. 333 con foto (2)"
"EDR148512","CIL 04, 02214 (1)<br>"
"EDR148515","CIL 04, 02216 (1), cfr. p. 215 (2)"
"EDR148521","CIL 04, 02219 (1)<br>A. Varone, Titulorum graphio exaratorum qui in C.I.L. vol. IV collecti sunt imagines, Roma 2012, vol. II, p. 334 con foto (2)"
"EDR148523","CIL 04, 02220 (1)"
"EDR148525","CIL 04, 02221 (1)<br>A. Varone, Titulorum graphio exaratorum qui in C.I.L. vol. IV collecti sunt imagines, Roma 2012, vol. II, p. 333 con foto (2)"
"EDR148526","CIL 04, 02222 (1)<br>A. Varone, Titulorum graphio exaratorum qui in C.I.L. vol. IV collecti sunt imagines, Roma 2012, vol. II, p. 334 con foto (2)"
"EDR148527","CIL 04, 02223 (1)<br>"
"EDR148684","CIL 04, 02040 (1)"
"EDR148880","CIL 04, 10116 (1)<br>M.Langner, Antike Graffitizeichnungen: Motive, Gestaltung und Bedeutung. Wiesbaden 2001, n. 1971 (transportschiff) (2)<br>A. Varone, Titulorum graphio exaratorum qui in CIL vol. IV collecti sunt: Imagines, Roma 2012, Vol. I, p. 107 (3)"
"EDR147882","F. Maulucci, Pompei: i graffiti figurati, Foggia 1993, p. 64-65 (1)<br>M.Langner, Antike Graffitizeichnungen: Motive, Gestaltung und Bedeutung. Wiesbaden 2001, n. 72 (kreisrosette) (2)"
"EDR147686","CIL 04, 04225 (1)<br>M. Langner, Antike Graffitizeichnungen, Wiesbaden 2001, n. 7 (2)"
"EDR147717","CIL 04, 01764 con apographo (1)<br>M. Langner, Antike Graffitizeichnungen, Wiesbaden 2001, n. 1 (2) "
"EDR147916","CIL 04, 08161 (1)<br>M. Langner, Antike Graffitizeichnungen, Wiesbaden 2001, n. 14 (2)<br>A. Varone, Titulorum graphio exaratorum qui in CIL Vol. IV collecti sunt imagines, Roma 2012, vol. I, p. 44 con apographo (3)."
"EDR147917","CIL 04, 04230b (1)<br>M. Langner, Antike Graffitizeichnungen, Weisbaden 2001, n. 17 (2)"
"EDR147920","CIL 04, 04230a (1)<br>M. Langner, Antike Graffitizeichnungen, Weisbaden 2001, n. 16 (2)"
"EDR147922","CIL 04, 08030 (1)<br>M. Langner, Antike Graffitizeichnungen, Weisbaden 2001, n. 25 (2)"
"EDR148651","CIL 04, 01993, con apographo (1)<br>"
"EDR148686","CIL 04, 02042 (1)"
"EDR148789","CIL 04, 04925 (1)"
"EDR148790","CIL 04, 06863 (1)"
"EDR148820","CIL 04, 01991 con apographo (1)"
"EDR148861","CIL 04, 08182 (nota) (1)<br>M. Langner, Antike Graffitizeichnungen: Motive, Gestaltung und Bedeutung. Wiesbaden 2001, n. 167 (Rechteck) (2)<br>A. Varone, Titulorum graphio exaratorum qui in C.I.L. Vol. IV collecti sunt imagines, Roma 2012, vol. I, p. 48 (3)"
"EDR148875","CIL 04, 10116 (nota) (1)<br>M.Langner, Antike Graffitizeichnungen: Motive, Gestaltung und Bedeutung. Wiesbaden 2001, n. 1886 (transportschiff) (2)"
"EDR148876","CIL 04, 10116 (nota) (1)<br>M.Langner, Antike Graffitizeichnungen: Motive, Gestaltung und Bedeutung. Wiesbaden 2001, n. 1904 (transportschiff) (2)"
"EDR148877","CIL 04, 10116 (nota) (1)<br>M.Langner, Antike Graffitizeichnungen: Motive, Gestaltung und Bedeutung. Wiesbaden 2001, n. 1905 (transportschiff) (2)"
"EDR148878","CIL 04, 10116 (nota) (1)<br>M.Langner, Antike Graffitizeichnungen: Motive, Gestaltung und Bedeutung. Wiesbaden 2001, n. 1926 (transportschiff) (2)"
"EDR148879","CIL 04, 10116 (nota) (1)<br>M.Langner, Antike Graffitizeichnungen: Motive, Gestaltung und Bedeutung. Wiesbaden 2001, n. 1961 (transportschiff) (2)"
"EDR148882","CIL 04, 10116 (nota) (1)<br>M.Langner, Antike Graffitizeichnungen: Motive, Gestaltung und Bedeutung. Wiesbaden 2001, n. 1994 (transportschiff) (2)"
"EDR149050","CIL 04, 10121 (1)"
"EDR149052","CIL 04, 10122 (1)"
"EDR149053","CIL 04, 10123 (1)"
"EDR149056","CIL 04, 10126 (1)"
"EDR149057","CIL 04, 10127 (1)"
"EDR149060","CIL 04, 10128 (1)"
"EDR149063","CIL 04, 10131 (1)"
"EDR149164","CIL 04, 04936 (1)"
"EDR149196","CIL 04, 04938 (1)<br>M. Langner, Antike Graffitizeichnungen, Wiesbaden 2001, n. 848, 849 [Gladiatoren] (2)"
"EDR148830","CIL 04, 01989a (1) cfr. p. 214 (2)"
"EDR149062","CIL 04, 10130 (1)"
"EDR149065","CIL 04, 10133 (1)"
"EDR149139","CIL 04, 02372 (1), cfr. p. 220 (2)"
"EDR149140","CIL 04, 02373, con apographo, Tab. VII 6 (1), cfr. p. 220 (2)"
"EDR149141","CIL 04, 02374 con apographo, Tab. VI 8 (1), cfr. pp. 220 (2) et 465 (3)"
"EDR149145","CIL 04, 02378 con apographo, Tab. XXXVIII 14 (1)"
"EDR149160","CIL 04, 04927 (1)"
"EDR149161","CIL 04, 04928 (1)"
"EDR149162","CIL 04, 04929 (1)"
"EDR149163","CIL 04, 04930 (1)"
"EDR149165","CIL 04, 04937 (1)"
"EDR149172","CIL 04, 02368 (1), cfr. p. 220 (2)"
"EDR149185","CIL 04, 02367 (1), cf. Add. p. 220 (2)"
"EDR149232","CIL 04, 10134a (1)"
"EDR149236","CIL 04, 10135a (1)"
"EDR149238","CIL 04, 10135c (1)"
"EDR149240","CIL 04, 10135d (1)"
"EDR149241","CIL 04, 10136 (1)"
"EDR149244","CIL 04, 10137 (1)"
"EDR149245","CIL 04, 10138 (1)"
"EDR149247","CIL 04, 10140 (1)"
"EDR149248","CIL 04, 10141 (1)"
"EDR149252","CIL 04, 10145 (1)"
"EDR149253","CIL 04, 10146 (1)"
"EDR149254","CIL 04, 10147 (1)"
"EDR149255","CIL 04, 10148 (1)"
"EDR149258","CIL 04, 10134c (1)"
"EDR149293","CIL 04, 10157 (1)<br>"
"EDR149296","CIL 04, 10160 (1)"
"EDR148418","Not. Sc., 1958, p. 124, n. 234 (M. della Corte) (1)<br>CIL 04, 10116 (nota) (2)<br>M.Langner, Antike Graffitizeichnungen: Motive, Gestaltung und Bedeutung. Wiesbaden 2001, n. 162 (Stern) (3)"
"EDR149048","CIL 04, 10119 (1)"
"EDR147918","CIL 04, 04229 (1)<br>M. Langner, Antike Graffitizeichnungen, Wiesbaden 2001, n. 15 (2)"
"EDR148653","CIL 04, 01995 con apographo (1)"
"EDR148829","CIL 04, 01989 con apographo (1), cfr. Add. p. 214 (2)"
"EDR148831","CIL 04, 01990 (1), cfr. Add. p. 214 (2)"
"EDR149159","CIL 04, 04926 (1)<br>M. Langner, Antike Graffitizeichnungen, Wiesbaden 2001, n. 300 (2) "
"EDR149204","CIL 04, 04931 (1)"
"EDR149206","CIL 04, 04933 (1)"
"EDR149207","CIL 04, 04934 (1)"
"EDR149208","CIL 04, 04935 (1)"
"EDR149209","CIL 04, 04940 (1)"
"EDR149211","CIL 04, 04941 (1)"
"EDR149212","CIL 04, 02045 (1)"
"EDR149334","CIL 04, 08509 (1)"
"EDR149511","CIL 04, 02380 (nota) con apographo, Tab. XXXVIII 15 (1), cfr. Add. p. 220 (2)"
"EDR149512","CIL 04, 02380 (nota) con apographo, Tab. XXXVIII 15 (1), cfr. Add. p. 220 (2)"
"EDR149513","CIL 04, 02380 (nota) con apographo, Tab. XXXVIII 15 (1), cfr. Add. p. 220 (2)"
"EDR149040","CIL 04, 08500 (1)"
"EDR149042","CIL 04, 08501a (1)<br>A. Varone, Titulorum graphio exaratorum qui in CIL vol. IV collecti sunt: Imagines, Roma 2012, Vol. II, p. 521 (con apographo) (2)"
"EDR149044","CIL 04, 08501b (1)"
"EDR149045","CIL 04, 08502 (1)"
"EDR149323","CIL 04, 08503 (1)"
"EDR149324","CIL 04, 08504 (1)"
"EDR149331","CIL 04, 08506 (1)"
"EDR149332","CIL 04, 08507 (1)"
"EDR149344","CIL 04, 08513b (1)"
"EDR149490","CIL 04, 10167 (1)"
"EDR149283","CIL 04, 02235 (1)<br>"
"EDR149116","CIL 04, 02234 con apografo (1)<br>"
"EDR149285","CIL 04, 02237 (1), cfr. p. 215 (2)<br>"
"EDR149286","CIL 04, 02238 con apografo (1)<br>"
"EDR149287","CIL 04, 02239 (1)<br>"
"EDR149289","CIL 04, 02240 (1), cfr. p. 215 (2)<br>"
"EDR149343","CIL 04, 02241 con apografo (1)<br>"
"EDR149449","CIL 04, 02244 (1)<br>A. Varone, Titulorum graphio exaratorum qui in C.I.L. vol. IV collecti sunt imagines, Roma 2012, vol. II, p. 329 con foto (2)"
"EDR149450","CIL 04, 02245 (1)<br>A. Varone, Titulorum graphio exaratorum qui in C.I.L. vol. IV collecti sunt imagines, Roma 2012, vol. II, p. 329 con foto (2)"
"EDR149451","CIL 04, 02245a (1)"
"EDR149453","CIL 04, 02247 (1), cfr. p. 215 (2)<br>A. Varone, Titulorum graphio exaratorum qui in C.I.L. vol. IV collecti sunt imagines, Roma 2012, vol. II, p. 329 con foto (3)"
"EDR149447","CIL 04, 02243 (1)<br>"
"EDR149448","CIL 04, 02243a (1)<br>"
"EDR124979","CIL 04, 08218a (1)<br>R. Benefiel apud Ancient Graffiti in Context, New York 2011, p. 46 n. 15 (2)"
"EDR124986","CIL 04, 08218f (1)<br>R. Benefiel, apud Ancient Graffiti in Context, New York 2011, p. 47 n. 20 (2)"
"EDR145429","CIL 04, 02174 (1)<br>A. Varone, Titulorum graphio exaratorum qui in C.I.L. vol. IV collecti sunt imagines, Roma 2012, vol. 2, p. 336 con foto (2)"
"EDR145430","CIL 04, 02175 (1)<br>A. Varone, Titulorum graphio exaratorum qui in C.I.L. vol. IV collecti sunt imagines, Roma 2012, vol. 2, p. 335 con foto (2)"
"EDR145432","CIL 04, 02177 (1)<br>A. Varone, Titulorum graphio exaratorum qui in C.I.L. vol. IV collecti sunt imagines, Roma 2012, vol. 2, p. 340 con foto (2)"
"EDR145433","CIL 04, 02178 (1)<br>A. Varone, Titulorum graphio exaratorum qui in C.I.L. vol. IV collecti sunt imagines, Roma 2012, vol. 2, p. 338 con foto (2)"
"EDR145435","CIL 04, 02178b (1)<br>A. Varone, Titulorum graphio exaratorum qui in C.I.L. vol. IV collecti sunt imagines, Roma 2012, vol. 2, p. 338 con foto (2)"
"EDR145438","CIL 04, 02181 (1), cfr. p. 215 (2)<br>A. Varone, Titulorum graphio exaratorum qui in C.I.L. vol. IV collecti sunt imagines, Roma 2012, vol. 2, p. 336 (3)"
"EDR148874","CIL 04, 10116 (nota) (1)<br>M.Langner, Antike Graffitizeichnungen: Motive, Gestaltung und Bedeutung. Wiesbaden 2001, n. 959 (schild) (2)"
"EDR148881","CIL 04, 10116 (nota) (1)<br>M.Langner, Antike Graffitizeichnungen: Motive, Gestaltung und Bedeutung. Wiesbaden 2001, n. 1972 (Schiff mit Segel und Ruder) (2)<br>A. Varone, Titulorum graphio exaratorum qui in CIL vol. IV collecti sunt: Imagines, Roma 2012, Vol. I, p. 107 (con foto) (3)"
"EDR149046","CIL 04, 10117 (1)<br>A. Varone, Titulorum graphio exaratorum qui in CIL vol. IV collecti sunt: Imagines, Roma 2012, Vol. I, p. 107 con foto (2)"
"EDR149047","CIL 04, 10118 (1)<br>"
"EDR149110","CIL 04, 02228 (1)"
"EDR148675","CIL 04, 02033 (1)"
"EDR148676","CIL 04, 02034 (1)"
"EDR148677","CIL 04, 02035 (1)"
"EDR149197","CIL 04, 10212a (1)"
"EDR149198","CIL 04, 10212b (1)"
"EDR149205","CIL 04, 04932 (1), cfr. Add. p. 705 (2)<br>"
"EDR149210","CIL 04, 02044a con apographo, Tab. XXXIV 27 (1)"
"EDR149213","CIL 04, 03096 (1)"
"EDR149215","CIL 04, 02046 con Tab. VI 6 (1) "
"EDR150188","CIL 04, 02044 (1) cfr. p. 215 (2)<br>A. Varone, Titulorum graphio exaratorum qui in CIL Vol. IV collecti sunt Imagines, Roma 2012, Vol. II, p. 398 con foto (3)"
"EDR150296","CIL 04, 01991 (nota) (1)<br>M. Langner, Antike Graffitizeichnungen, Wiesbaden 2001, n. 846, 847 (2)"
"EDR150297","CIL 04, 01992 (nota) (1)<br>M. Langner, Antike Graffitizeichnungen, Weisbaden 2001, n. 896 (2)"
"EDR150397","CIL 04, 10212 (nota) (1)<br>M. Langner, Antike Graffitizeichnungen, Wiesbaden 2001, n. 1355 (2)"
"EDR150500","CIL 04, 02261 (1)<br>A. Varone, Titulorum graphio exaratorum qui in C.I.L. vol. IV collecti sunt imagines, Roma 2012, vol. II, p. 326 con foto (2)"
"EDR150503","CIL 04, 02263 (1)<br>A. Varone, Titulorum graphio exaratorum qui in C.I.L. vol. IV collecti sunt imagines, Roma 2012, vol. II, p. 327 con foto (2)"
"EDR150504","CIL 04, 02264 (1)<br>"
"EDR150505","CIL 04, 02266 (1)<br>"
"EDR150506","CIL 04, 02265 con apografo (1)<br>"
"EDR151051","CIL 04, 02277 (1)<br>"
"EDR151052","CIL 04, 02278 (1)<br>A. Varone, Titulorum graphio exaratorum qui in C.I.L. vol. IV collecti sunt imagines, Roma 2012, vol. II, p. 325 con foto (2) "
"EDR151053","CIL 04, 02279 (1), cfr. p. 216 (2)<br>"
"EDR151054","CIL 04, 02280 (1)<br>A. Varone, Titulorum graphio exaratorum qui in C.I.L. vol. IV collecti sunt imagines, Roma 2012, vol. II, p. 322 con foto (2)"
"EDR151055","CIL 04, 02281 (1)<br>A. Varone, Titulorum graphio exaratorum qui in C.I.L. vol. IV collecti sunt imagines, Roma 2012, vol. II, p. 322 con foto (2)"
"EDR151056","CIL 04, 02282 (1)<br>A. Varone, Titulorum graphio exaratorum qui in C.I.L. vol. IV collecti sunt imagines, Roma 2012, vol. II, p. 323 con foto (2)"
"EDR151057","CIL 04, 02283 (1)<br>A. Varone, Titulorum graphio exaratorum qui in C.I.L. vol. IV collecti sunt imagines, Roma 2012, vol. II, p. 323 con foto (2)"
"EDR151058","CIL 04, 02283a (1)<br>A. Varone, Titulorum graphio exaratorum qui in C.I.L. vol. IV collecti sunt imagines, Roma 2012, vol. II, p. 323 con foto (2)"
"EDR151059","CIL 04, 02284 (1)<br>A. Varone, Titulorum graphio exaratorum qui in C.I.L. vol. IV collecti sunt imagines, Roma 2012, vol. II, p. 324 con foto (2)"
"EDR151060","CIL 04, 02285 (1)<br>A. Varone, Titulorum graphio exaratorum qui in C.I.L. vol. IV collecti sunt imagines, Roma 2012, vol. II, p. 325 con foto (2)"
"EDR151062","CIL 04, 02287 (1), cfr. p. 216 (2)<br>"
"EDR151063","CIL 04, 02288 (1)<br>A. Varone, Titulorum graphio exaratorum qui in C.I.L. vol. IV collecti sunt imagines, Roma 2012, vol. II, p. 325 con foto (2)"
"EDR151064","CIL 04, 02289 (1)<br>A. Varone, Titulorum graphio exaratorum qui in C.I.L. vol. IV collecti sunt imagines, Roma 2012, vol. II, p. 322 con foto (2)"
"EDR151066","CIL 04, 02291 (1)"
"EDR151068","CIL 04, 02292 (1)"
"EDR151069","CIL 04, 02293 (1)"
"EDR151070","CIL 04, 02294 (1)"
"EDR151071","CIL 04, 02295 (1)"
"EDR151072","CIL 04, 02296 (1), cfr. p. 216 (2)"
"EDR146000","CIL 04, 02183 (1)<br>Pompei, Capri e La Penisola Sorrentina: Atti del quinto ciclo di conferenze di geologia, storia e archeologia. Pompei, Anacapri, Scafati, Castellammare di Stabia, ottobre 2002 - aprile 2003, Capri 2004, p. 356 sg. (R. Benefiel) (2)<br>A. Varone, Titulorum graphio exaratorum qui in C.I.L. vol. IV collecti sunt imagines, Roma 2012, vol. II, p. 341 con foto (3) "
"EDR146087","CIL 04, 02187 (1)<br>A. Varone, Titulorum graphio exaratorum qui in C.I.L. vol. IV collecti sunt imagines, Roma 2012, vol. II, p. 335 con foto (2)"
"EDR146191","CIL 04, 02199 (1)<br>A. Varone, Titulorum graphio exaratorum qui in C.I.L. vol. IV collecti sunt imagines, Roma 2012, vol. II, p. 339 con foto (2)<br>Helios 38, 2011, p. 63 (S. Levin-Richardson) (3)"
"EDR146889","CIL 04, 02201 (1)<br>A. Varone, Titulorum graphio exaratorum qui in C.I.L. vol. IV collecti sunt imagines, Roma 2012, vol. II, p. 338-339 con foto (2)"
"EDR146890","CIL 04, 02201a (1)<br>A. Varone, Titulorum graphio exaratorum qui in C.I.L. vol. IV collecti sunt imagines, Roma 2012, vol. II, p. 339 con foto (2)"
"EDR146891","CIL 04, 02202 (1), cfr. p. 465 (2)<br>A. Varone, Titulorum graphio exaratorum qui in C.I.L. vol. IV collecti sunt imagines, Roma 2012, vol. II, p. 340 con foto (3)"
"EDR146892","CIL 04, 02203 (1), cfr. p. 215 (2)<br>A. Varone, Titulorum graphio exaratorum qui in C.I.L. vol. IV collecti sunt imagines, Roma 2012, vol. II, p. 340 con foto (3)"
"EDR147138","CIL 04, 02206 (1), cfr. p. 215 (2)"
"EDR147139","CIL 04, 02207 (1)<br>A. Varone, Titulorum graphio exaratorum qui in C.I.L. vol. IV collecti sunt imagines, Roma 2012, vol. II, p. 330 con foto (2)"
"EDR147140","CIL 04, 02208 (1)<br>A. Varone, Titulorum graphio exaratorum qui in C.I.L. vol. IV collecti sunt imagines, Roma 2012, vol. II, p. 330 con foto (2)"
"EDR147141","CIL 04, 02209 (1)"
"EDR148432","CIL 04, 02212 (1), cfr. p. 215 (2)<br>A. Varone, Titulorum graphio exaratorum qui in C.I.L. vol. IV collecti sunt imagines, Roma 2012, vol. II, p. 332 con foto (3)"
"EDR148433","CIL 04, 02210 (1)<br>A. Varone, Titulorum graphio exaratorum qui in C.I.L. vol. IV collecti sunt imagines, Roma 2012, vol. II, p. 333 con foto (2)"
"EDR148434","CIL 04, 02211 (1)<br>A. Varone, Titulorum graphio exaratorum qui in C.I.L. vol. IV collecti sunt imagines, Roma 2012, vol. II, p. 332 con foto (2)"
"EDR148517","CIL 04, 02224 (1)<br>"
"EDR149049","CIL 04, 10120 (1)<br>A. Varone, Titulorum graphio exaratorum qui in CIL vol. IV collecti sunt: Imagines, Roma 2012, Vol. I, p. 108 (con fotos) (2)"
"EDR149105","CIL 04, 02225 (1)<br>A. Varone, Titulorum graphio exaratorum qui in C.I.L. vol. IV collecti sunt imagines, Roma 2012, vol. II, p. 333 con foto (2)"
"EDR149106","CIL 04, 02226 (1)<br>A. Varone, Titulorum graphio exaratorum qui in C.I.L. vol. IV collecti sunt imagines, Roma 2012, vol. II, p. 331 con foto (2)"
"EDR149108","CIL 04, 02227 (1)<br>A. Varone, Titulorum graphio exaratorum qui in C.I.L. vol. IV collecti sunt imagines, Roma 2012, vol. II, p. 331 con foto (2)"
"EDR149109","CIL 04, 02227a (1)<br>A. Varone, Titulorum graphio exaratorum qui in C.I.L. vol. IV collecti sunt imagines, Roma 2012, vol. II, p. 331 con foto (2)"
"EDR149112","CIL 04, 02230 (1)<br>"
"EDR149113","CIL 04, 02231 (1), cfr. p. 215 (2)<br>A. Varone, Titulorum graphio exaratorum qui in C.I.L. vol. IV collecti sunt imagines, Roma 2012, vol. II, p. 331 con foto (3)"
"EDR149114","CIL 04, 02232 (1)<br>A. Varone, Titulorum graphio exaratorum qui in C.I.L. vol. IV collecti sunt imagines, Roma 2012, vol. II, p. 331 con foto (2)"
"EDR149115","CIL 04, 02233 (1)"
"EDR149136","CIL 04, 02370 (1)"
"EDR149137","CIL 04, 02371 con apographo, Tab. XXXVIII 13 (1), cf. Add. p. 220 (2)"
"EDR149138","CIL 04, 02371 (pars 2) con apographo, Tab. XXXVIII 13 (1), cf. Add. p. 220 (2)"
"EDR149177","CIL 04, 02410 con apographo, Tab. XXXVIII 22 (1)"
"EDR149178","CIL 04, 02411 (1)"
"EDR149179","CIL 04, 02411a (1)"
"EDR149180","CIL 04, 02412 (1)"
"EDR149187","CIL 04, 02413 (1)"
"EDR149249","CIL 04, 10142 (1)"
"EDR149250","CIL 04, 10143 (1)"
"EDR149251","CIL 04, 10144 (1)"
"EDR149277","CIL 04, 10151 (1)<br>A. Varone, Titulorum graphio exaratorum qui in CIL vol. IV collecti sunt: Imagines, Roma 2012, Vol. I , p. 109 (2)"
"EDR149278","CIL 04, 10152a (1)<br>A. Varone, Titulorum graphio exaratorum qui in CIL vol. IV collecti sunt: Imagines, Roma 2012, Vol. I , p. 110 (2)"
"EDR149280","CIL 04, 10152a (1)<br>A. Varone, Titulorum graphio exaratorum qui in CIL vol. IV collecti sunt: Imagines, Roma 2012, Vol. I, p. 110 (2)"
"EDR149281","CIL 04, 10153 (1)<br>A. Varone, Titulorum graphio exaratorum qui in CIL vol. IV collecti sunt: Imagines, Roma 2012, Vol. I, p. 110 (2)"
"EDR149282","CIL 04, 10154 (1)<br>A. Varone, Titulorum graphio exaratorum qui in CIL vol. IV collecti sunt: Imagines, Roma 2012, Vol. I, p. 110 (2)"
"EDR149284","CIL 04, 02236 (1)"
"EDR149291","CIL 04, 10155 (1)<br>A. Varone, Titulorum graphio exaratorum qui in CIL vol. IV collecti sunt: Imagines, Roma 2012, Vol. I, p. 110 (2)"
"EDR149292","CIL 04, 10156 (1)<br>A. Varone, Titulorum graphio exaratorum qui in CIL vol. IV collecti sunt: Imagines, Roma 2012, Vol. I, p. 110 (2)"
"EDR149294","CIL 04, 10158 (1)<br>A. Varone, Titulorum graphio exaratorum qui in CIL vol. IV collecti sunt: Imagines, Roma 2012, Vol. I, p. 111 (2)"
"EDR149295","CIL 04, 10159 (1)"
"EDR149335","CIL 04, 08510 (1)"
"EDR149337","CIL 04, 08511 (1)"
"EDR149338","CIL 04, 08512 (1)"
"EDR149340","CIL 04, 08513a (1)"
"EDR149345","CIL 04, 02242 con apografo (1)<br>"
"EDR149403","CIL 04, 08514 (1)<br>A. Varone, Titulorum graphio exaratorum qui in CIL vol. IV collecti sunt: Imagines, Roma 2012, Vol. I, p. 112 (con apographo) (2)"
"EDR149404","CIL 04, 08515 (1)"
"EDR149405","CIL 04, 08516 (1)<br>P. Castrén, Ordo populusque Pompeianus, 2 ed., Roma 1983, p. 182 (2)<br>J. L. Franklin, Pompeis difficile est: studies in the political life of Imperial Pompeii, Univ. of Michigan 2001, p. 140-141(3)<br>A. Varone, Titulorum graphio exaratorum qui in CIL vol. IV collecti sunt: Imagines, Roma 2012, Vol. II, p. 521 (con apographo) (4)"
"EDR149406","CIL 04, 08517 (1)"
"EDR149434","CIL 04, 02493 (1)"
"EDR149452","CIL 04, 02246 (1), cfr. p. 465 (2)<br>Riv. Stud. Pomp., 16, 2005, p. 99 con foto (A. Varone) (3)<br>A. Varone, Titulorum graphio exaratorum qui in C.I.L. vol. IV collecti sunt imagines, Roma 2012, vol. II, p. 328 con foto (4)"
"EDR149973","CIL 04, 02248 (1), cfr. p. 215 (2)<br>"
"EDR149974","CIL 04, 02249 (1), cfr. p. 215 (2)"
"EDR149975","CIL 04, 02250 (1)<br>A. Varone, Titulorum graphio exaratorum qui in C.I.L. vol. IV collecti sunt imagines, Roma 2012, vol. II, p. 328 con foto (2) "
"EDR149978","CIL 04, 02251 (1)<br>"
"EDR149983","CIL 04, 02252 (1)<br>A. Varone, Titulorum graphio exaratorum qui in C.I.L. vol. IV collecti sunt imagines, Roma 2012, vol. II, p. 330 con foto (2)"
"EDR150009","CIL 04, 02253 (1)<br>Class. Quart. 41, 1991, p. 56 (D. Bain) (2)<br>Riv. Stud. Pomp., 16, 2005, p. 95 con foto, 107 n. 21 (A. Varone) (3)<br>Helios 38, 2011, p. 77 n. 24 (S. Levin-Richardson) (4)<br>A. Varone, Titulorum graphio exaratorum qui in C.I.L. vol. IV collecti sunt imagines, Roma 2012, vol. II, p. 330 con foto (5)"
"EDR150010","CIL 04, 02254 (1), cfr. p. 216 (2)<br>Helios 78, 2011, p. 78 n. 30 (S. Levin-Richardson) (3)"
"EDR150368","CIL 04, 02255 (1)<br>"
"EDR150369","CIL 04, 02256 (1)<br>"
"EDR150370","CIL 04, 02257 (1)<br>Riv. Stud. Pomp., 16, 2005, p. 96, 107 n. 26 (A. Varone) (2)<br>Helios 78, 2011, p. 78 n. 30 (S. Levin-Richardson)  (3)"
"EDR150376","CIL 04, 02258 (1)<br>Riv. Stud. Pomp., 16, 2005, p. 96 con foto (A. Varone) (2)<br>A. Varone, Titulorum graphio exaratorum qui in C.I.L. vol. IV collecti sunt imagines, Roma 2012, vol. II, p. 327 con foto (3)"
"EDR150494","CIL 04, 02259 (1)<br>A. Varone, Titulorum graphio exaratorum qui in C.I.L. vol. IV collecti sunt imagines, Roma 2012, vol. II, p. 328 (2)"
"EDR150499","CIL 04, 02260 (1), cfr. p. 216 (2)<br>A. Varone, Titulorum graphio exaratorum qui in C.I.L. vol. IV collecti sunt imagines, Roma 2012, vol. II, p. 328 con foto (3)"
"EDR150507","CIL 04, 02267 (1)<br>"
"EDR151037","CIL 04, 02268 (1)<br>W. Krenkel, Naturalia non turpia. Sex and Gender in Ancient Greece and Rome. Schriften zur antiken Kultur- und Sexualwissenschaft, Hildesheim 2006, p. 227 (2)<br>A. Varone, Titulorum graphio exaratorum qui in C.I.L. vol. IV collecti sunt imagines, Roma 2012, vol. II, p. 328 (3)"
"EDR151039","CIL 04, 02270 (1)<br>"
"EDR151041","CIL 04, 02269 (1)<br>A. Varone, Titulorum graphio exaratorum qui in C.I.L. vol. IV collecti sunt imagines, Roma 2012, vol. II, p. 328 con foto (2)"
"EDR151042","CIL 04, 02271 (1)<br>"
"EDR151043","CIL 04, 02272 (1)<br>"
"EDR151047","CIL 04, 02273 (1), cfr. p. 216 (2)<br>"
"EDR151049","CIL 04, 02275 (1)<br>"
"EDR151050","CIL 04, 02276 (1)<br>"
"EDR151061","CIL 04, 02286 (1)"
"EDR151159","CIL 04, 02031 (nota) con apographo, Tab. XXXIV n. 22 (1)"
